variant,space,outlier_cont,alg,k,n_core,sil,dbi,ch,ARI_vs_quality,NMI_vs_quality,AMI_vs_quality,stab_seed_ARI,stab_subsample_ARI,min_cluster_size
all,RAW,0.0,kmeans,2,384,0.26209137277865713,1.5531729182128053,132.7431995197972,0.07038890147137006,0.042938073997146685,0.0393704980575824,0.9957338156731149,0.9901471475231587,156
all,RAW,0.0,kmeans,3,384,0.20851197503156363,1.934166102456021,86.2328279736405,0.08917119060224213,0.04094423552494372,0.03484708646302897,0.6087495737165521,0.6024407112580498,80
all,RAW,0.0,kmeans,4,384,0.1290581514386099,2.2488654656988025,71.4204655817691,0.03748456208574654,0.02988824006862578,0.02216483351739132,0.4909121346254333,0.5047966807150949,76
all,RAW,0.0,kmeans,5,384,0.1324165257695363,2.1604510240328962,61.682873578770305,0.03904464416275056,0.03112402354042522,0.0216290079758197,0.46928326617210686,0.43091254454458566,40
all,RAW,0.0,kmeans,6,384,0.11691513918570788,2.0437128168454204,58.13060698095381,0.033160113313291155,0.04234721287900933,0.03129272744514176,0.5218749384618637,0.4374851095443305,28
all,RAW,0.0,kmeans,7,384,0.12014973095855008,1.9746658771409786,53.5809106972621,0.04518656074740623,0.044652292248832555,0.031760923852385485,0.4170073458039001,0.41985425675114696,20
all,RAW,0.0,kmeans,8,384,0.12468357473196505,1.9339629996607148,46.6000880132079,0.07136591803963246,0.05210994627351486,0.03747529134600225,0.4201183315386901,0.42740645894366364,24
all,RAW,0.0,kmeans,9,384,0.12302024268901586,1.8867237155105618,46.746871559784005,0.0498173138107547,0.04648452223135067,0.03033055323761503,0.40839735238847313,0.4256853107533891,18
all,RAW,0.0,kmeans,10,384,0.1162725744743467,1.7629097833943572,45.615499180060816,0.04376510465983829,0.06909698901338969,0.05237468143904591,0.4248291124305747,0.4655943739716947,19
all,RAW,0.0,ward,2,384,0.23481373774935574,1.7239509024597015,110.60585262730771,0.07087549786931154,0.059412243607426606,0.05596347465839921,,,180
all,RAW,0.0,ward,3,384,0.23534189830759092,1.6139296317164293,76.18413889858054,0.09166408505623085,0.06633273203462013,0.05977633107007675,,,20
all,RAW,0.0,ward,4,384,0.22072384359602934,1.7469368750281604,65.90782428370409,0.10616367277347694,0.0592179725364423,0.05045668629210927,,,20
all,RAW,0.0,ward,5,384,0.18658700025700403,1.8474983866059886,56.99670328594269,0.11266360544635988,0.05599534555591674,0.04526643041659572,,,20
all,RAW,0.0,ward,6,384,0.08496500411560721,2.1463054968822406,52.02122009671931,0.069973873945715,0.05583603088537725,0.04454055404131623,,,20
all,RAW,0.0,ward,7,384,0.08737521848087008,2.130099571459698,48.056743743394925,0.05664811502458491,0.05714554126230371,0.04438242596629412,,,20
all,RAW,0.0,ward,8,384,0.09415280768754526,1.9708915592149783,45.026013584834104,0.05823611325461564,0.060446207079871875,0.0458206718910376,,,6
all,RAW,0.0,ward,9,384,0.09891379640718272,1.9431191288640752,42.47026705917063,0.060333787178059636,0.06166804025869481,0.04523047612883295,,,6
all,RAW,0.0,ward,10,384,0.10348312914768047,1.8884183401885068,40.49428549329118,0.035823405482403946,0.06588765117293076,0.04811161733187071,,,6
all,RAW,0.05,kmeans,2,364,0.2626444940784763,1.5362705609895382,130.92575899513875,0.08509078466044129,0.04978428296509886,0.04599540564175688,0.9946625307056118,0.9945348386251186,143
all,RAW,0.05,kmeans,3,364,0.22305675577013437,1.770976934066043,86.6274193521972,0.10350978066053025,0.05277555080898143,0.04613578372654366,0.6882636250317579,0.6621395869289046,45
all,RAW,0.05,kmeans,4,364,0.13743808493735124,2.14645265622112,71.8943552165847,0.08221117898948614,0.04838300280237304,0.04028573450958051,0.5475312642259059,0.5675738136373264,68
all,RAW,0.05,kmeans,5,364,0.16918002081997607,1.910376241078385,63.68415338670722,0.11760473701191637,0.07301630224444416,0.06295769598697462,0.506672335230699,0.4540043764629838,34
all,RAW,0.05,kmeans,6,364,0.1578740522595624,1.9190659687702354,55.03365071503452,0.12193823004393094,0.07460758073120935,0.06244890004776218,0.47446088986818336,0.4813444474674072,15
all,RAW,0.05,kmeans,7,364,0.1335404632113596,2.023536966813251,50.729343331323804,0.10269944797385068,0.06929711101288477,0.05545791885724348,0.4703679749643168,0.4370021512920848,23
all,RAW,0.05,kmeans,8,364,0.10802006864121338,1.910333751642807,49.63942952871627,0.043343312208970045,0.06608404890099653,0.05153104572850979,0.4620818220853886,0.4709315349839332,25
all,RAW,0.05,kmeans,9,364,0.10766328085692296,1.852572869398581,46.89176316175584,0.0476959587469067,0.07172936384630574,0.05556388994959083,0.47267361322422125,0.44253407042354403,23
all,RAW,0.05,kmeans,10,364,0.113793422929465,1.7595755189233722,45.66808086266774,0.040039298887449365,0.07648984276588869,0.05907604174697569,0.4803438780925436,0.45011127913832555,23
all,RAW,0.05,ward,2,364,0.2567823723464442,1.5666673185500197,126.57400278547227,0.09141580637483168,0.05764595166347837,0.05389757079017081,,,145
all,RAW,0.05,ward,3,364,0.2059053511191786,1.830365274223974,80.21289350800369,0.10196959190135682,0.06663960961261071,0.06015879469249101,,,34
all,RAW,0.05,ward,4,364,0.17534420814042603,2.134831592458262,64.81745764134361,0.11877496096024108,0.05958222679397171,0.05076457058154879,,,34
all,RAW,0.05,ward,5,364,0.1279736796281725,2.182224038889127,56.73030563270786,0.046207385492346154,0.06635717236458644,0.056164298328206415,,,34
all,RAW,0.05,ward,6,364,0.12399225830004189,1.9620899248726886,51.493710725799524,0.04830039787059351,0.06810214309983294,0.055566296898867634,,,13
all,RAW,0.05,ward,7,364,0.09657636162106081,1.9873730349224432,47.31102090259753,0.023962833741695673,0.06153968737075434,0.04788918937670415,,,13
all,RAW,0.05,ward,8,364,0.09788102468270199,2.0505416732857475,44.49221060801663,0.03793927100197261,0.06484402146223585,0.049833285587749424,,,13
all,RAW,0.05,ward,9,364,0.10194196585674815,1.9765891263875994,41.82808873869606,0.039039471342148,0.0657636467718446,0.04888753759765266,,,13
all,RAW,0.05,ward,10,364,0.10165270430662209,1.8680661379018146,39.91392273904582,0.03993112031473888,0.06783399453495048,0.04919835494914526,,,5
all,RAW,0.1,kmeans,2,345,0.26338475735783873,1.5162109880823242,127.42803445559504,0.08081670747537716,0.04461316931002773,0.04061920316367377,0.9720773707521292,0.9754659625413896,133
all,RAW,0.1,kmeans,3,345,0.15560095849624417,2.1334817183308004,77.55046856294192,0.061173403751160246,0.03687660477178592,0.030345394532790178,0.5963636968899412,0.6267768615153974,76
all,RAW,0.1,kmeans,4,345,0.15409976563168076,2.0854707271866424,71.89234335993888,0.04049184840796806,0.031370369310859944,0.02260994366660083,0.6012749140675433,0.5400280279155613,48
all,RAW,0.1,kmeans,5,345,0.14837199663524966,1.9631525113001491,65.03725469984073,0.03764813632738803,0.060251627054659404,0.050006754229673815,0.5759421431289774,0.5206306278157247,48
all,RAW,0.1,kmeans,6,345,0.12530220396585878,1.9489010984902737,57.868746907009374,0.03397260219237363,0.06782856608662939,0.05616818961224145,0.4978398916663222,0.557993052624834,45
all,RAW,0.1,kmeans,7,345,0.12280318357652978,1.8941334785698403,53.794023846324635,0.0446784051892301,0.08944923474351972,0.07616149683126275,0.5012633154943331,0.5010064023425395,18
all,RAW,0.1,kmeans,8,345,0.11349131645275341,2.010338805319662,46.92094021816268,0.057186802698219956,0.08640684884452551,0.07124682920296836,0.4513491087605293,0.4620249071894046,19
all,RAW,0.1,kmeans,9,345,0.12680706150330956,1.848215604445088,45.56234356317843,0.052075854283143305,0.0812838121176069,0.06413825286363528,0.48961091304528476,0.45064064438592516,16
all,RAW,0.1,kmeans,10,345,0.12280779554195853,1.804459913491937,41.67722479404765,0.054412607085786796,0.08438776530693862,0.0655406629545942,0.4741813861947411,0.41599454497840005,15
all,RAW,0.1,ward,2,345,0.26096426008310153,1.504358986231383,123.72270892557906,0.09434542922610635,0.05091504073936659,0.0468951932636356,,,124
all,RAW,0.1,ward,3,345,0.2105328931639282,1.916101070502232,83.32666084842242,0.09401741436229358,0.0600132669075448,0.05349927243323357,,,51
all,RAW,0.1,ward,4,345,0.19930106865370914,1.807769888128089,66.4467113576678,0.11004109238353149,0.07079143824950984,0.06155766085087665,,,15
all,RAW,0.1,ward,5,345,0.16564023239783718,1.8866400620938595,58.35981899157951,0.04380229300412472,0.07702592850606373,0.06625232143367094,,,15
all,RAW,0.1,ward,6,345,0.13246460041435462,2.1110435076299865,52.19295284640191,0.05362635140878938,0.07440160056688645,0.06190348846670604,,,15
all,RAW,0.1,ward,7,345,0.1372652522572453,2.0847750217914185,47.875159927547465,0.057407977062779274,0.07537946154939494,0.06082685851174746,,,15
all,RAW,0.1,ward,8,345,0.11144328915380991,2.0482623542615563,44.501961560681735,0.04823625760366588,0.07289217159879662,0.05697210695724132,,,15
all,RAW,0.1,ward,9,345,0.10841324824286985,2.0257713272184525,41.85707746250565,0.05135717627669802,0.07638634551261721,0.059103766183532,,,15
all,RAW,0.1,ward,10,345,0.11729311837957745,1.9379354960784483,39.87715812202623,0.04035862095224718,0.07749859165786652,0.05847715564367729,,,15
all,PCA,0.0,kmeans,2,384,0.27177214385569254,1.5126655013770447,138.68719264888475,0.07038890147137006,0.042938073997146685,0.0393704980575824,0.9968398634615665,0.9901471475231587,156
all,PCA,0.0,kmeans,3,384,0.16830099560058484,2.1248942347552053,90.44882137250934,0.03739410021322771,0.03709893524152268,0.0314494593023178,0.6164887222948555,0.5837413695485824,97
all,PCA,0.0,kmeans,4,384,0.1410770971626483,2.1818803367629602,74.40334850676992,0.04276935862880218,0.03161042443997143,0.023830510861179294,0.5226526167963279,0.48354727194611835,68
all,PCA,0.0,kmeans,5,384,0.14309753922252588,2.083317022671823,66.24457057824701,0.06353045806404493,0.05176820173337017,0.04245633697986549,0.4446589053114894,0.4176355105529798,49
all,PCA,0.0,kmeans,6,384,0.1433498328578957,1.9444377660984873,59.088339231238244,0.08628883105796677,0.06937769742016783,0.0583381995734399,0.4669967603878721,0.45320116903216906,33
all,PCA,0.0,kmeans,7,384,0.13051197113790078,1.912764573309784,55.666375074282904,0.05216264333260407,0.07016874618450936,0.05768922192452055,0.4383080181839362,0.44746954646426285,24
all,PCA,0.0,kmeans,8,384,0.14424426333193904,1.880201430342036,50.17150462944133,0.07671809062128321,0.0632286111602727,0.048771037527199274,0.4568624456052697,0.4327552091776813,23
all,PCA,0.0,kmeans,9,384,0.13127378120322522,1.8680094419628617,48.173120294062755,0.06355908840651807,0.05097373051409884,0.03471964373785956,0.43889120684487015,0.42297722304304763,17
all,PCA,0.0,kmeans,10,384,0.14231847151493437,1.7584862876472815,46.998157344032265,0.07911972291963382,0.06976161672647364,0.05214568312078369,0.428975650128923,0.40424139541702653,8
all,PCA,0.0,ward,2,384,0.2598463188663907,1.5648822047853008,127.56507131976923,0.08546316456087233,0.051309932207641594,0.04776241205976669,,,151
all,PCA,0.0,ward,3,384,0.25620027176770904,1.7315538446372916,83.4650298404594,0.09132146534441966,0.054625947408886606,0.048102128144886146,,,25
all,PCA,0.0,ward,4,384,0.24318041883432104,1.7146423074027914,68.5749115541754,0.11054254474070561,0.06190359383705697,0.052895717320713576,,,23
all,PCA,0.0,ward,5,384,0.17962895499969425,1.8601352384193717,59.4775551330342,0.08132565055222245,0.055114802890200335,0.04444790411935328,,,23
all,PCA,0.0,ward,6,384,0.14898499004616014,1.9693858336489207,54.51997805626199,0.08915559869358193,0.05287756732687053,0.040671223383290246,,,23
all,PCA,0.0,ward,7,384,0.15875772726513346,1.800689366043969,50.70905257574811,0.08958508724979408,0.05307672193119194,0.03860087941315179,,,8
all,PCA,0.0,ward,8,384,0.15380904573815887,1.7077542709426918,48.12239048481825,0.09377296781657,0.05107481896909597,0.03475100115132215,,,8
all,PCA,0.0,ward,9,384,0.14903540325159728,1.6742280439787296,46.036174336687324,0.059731216371023244,0.060610346397577265,0.04309330081487583,,,8
all,PCA,0.0,ward,10,384,0.11365359582260263,1.7846304262563464,44.3605781616646,0.04207001225446584,0.05983106702006688,0.042004149349469146,,,8
all,PCA,0.05,kmeans,2,364,0.2720379631217017,1.4982019622758993,136.6432566401044,0.08509078466044129,0.04978428296509886,0.04599540564175688,0.9941621429592629,0.9932260161379811,143
all,PCA,0.05,kmeans,3,364,0.21725620405180818,1.8188140854142236,90.53441686297418,0.09066585123552913,0.03758393348882644,0.03091255773721936,0.6549615147410311,0.6500610877383297,62
all,PCA,0.05,kmeans,4,364,0.18069753523305157,2.0146301697621585,76.89952853660475,0.09411725878128743,0.049748718818428114,0.041463167554724165,0.6198866365970354,0.5556122550014626,55
all,PCA,0.05,kmeans,5,364,0.13485102566518595,2.01419899490913,65.75104539181822,0.02713219752544587,0.034440898627676644,0.02451378349339311,0.4834186435212372,0.44718623243385697,47
all,PCA,0.05,kmeans,6,364,0.12044787598352925,2.0389586257461545,57.998872897333285,0.04172084951001688,0.04618460769364434,0.03450143230945389,0.4772014856137128,0.45355436587834674,41
all,PCA,0.05,kmeans,7,364,0.1363509992783272,1.8339826479070946,53.94063394954535,0.03829437769366566,0.04703134114575471,0.033271655320844036,0.47444104708392226,0.4589804501632731,9
all,PCA,0.05,kmeans,8,364,0.1162766348571977,1.8628319921057361,51.06886297440553,0.03610431723578152,0.06111365934537805,0.04633108341136711,0.4607244020942337,0.46758044898322854,6
all,PCA,0.05,kmeans,9,364,0.12143382153077155,1.7615581931100812,48.49703577625464,0.04184436753926617,0.0670755672154015,0.05084212964494128,0.4772033177625273,0.4577480665048507,6
all,PCA,0.05,kmeans,10,364,0.12397505563549631,1.7745971349973537,47.49433514680388,0.03284140010313163,0.07866708808209624,0.06093963117671933,0.46147579672415306,0.46066352526758797,6
all,PCA,0.05,ward,2,364,0.26879177969329376,1.5157728307271934,133.55661983152137,0.0925098029625528,0.05799231555326635,0.054236166828267915,,,143
all,PCA,0.05,ward,3,364,0.20484253125978638,1.924742630624179,84.94390724332513,0.1008301258963246,0.07405847029831351,0.06785313775237377,,,45
all,PCA,0.05,ward,4,364,0.17907555527820165,2.130754615962915,69.08619295656237,0.11705929943809613,0.06657167222356272,0.05801665780657289,,,39
all,PCA,0.05,ward,5,364,0.1313089779809206,2.1533500716034486,59.48510947088213,0.04483972061763086,0.07984806877893968,0.06994439343072412,,,39
all,PCA,0.05,ward,6,364,0.12603587120917062,1.912440760294353,53.81957391082367,0.04669058842527222,0.08075328335535473,0.06853303131857737,,,13
all,PCA,0.05,ward,7,364,0.10175414851072552,1.8794665217147721,50.016165652166876,0.022975192977062624,0.07480207575977199,0.06150470592684235,,,13
all,PCA,0.05,ward,8,364,0.0970156576511718,1.9847160039127032,47.26045542048189,0.03439320142673557,0.07291949438376379,0.05828253952568646,,,13
all,PCA,0.05,ward,9,364,0.10606522352635064,1.9491280062242937,45.18580288252603,0.035920331166535445,0.07104068008245894,0.0546173555078499,,,13
all,PCA,0.05,ward,10,364,0.11241534019845473,1.8596240815479945,43.33518460893802,0.03718194096705128,0.0729860580986344,0.054860017485047916,,,5
all,PCA,0.1,kmeans,2,345,0.2731020816691625,1.477477470385169,133.30016280799177,0.08081670747537716,0.04461316931002773,0.04061920316367377,0.9720773707521292,0.9762688674823513,133
all,PCA,0.1,kmeans,3,345,0.1800729758932004,1.9597846459862522,90.28144432072949,0.022029195615361884,0.03241444257448314,0.026006932100444417,0.6530760438183056,0.638758950524522,77
all,PCA,0.1,kmeans,4,345,0.17516147941244598,1.945593237586252,75.158854474876,0.04629180602297561,0.042755691480883644,0.03385996776319201,0.6201202034138998,0.5507642218585413,32
all,PCA,0.1,kmeans,5,345,0.17037457954996613,1.8370611083840571,67.39820574772692,0.04758115048610196,0.06286084005430216,0.052390704001107145,0.5644628883101244,0.49916736850588406,33
all,PCA,0.1,kmeans,6,345,0.16019213261416823,1.8422461200671034,60.536001767899684,0.060100864739895406,0.059720887471416725,0.047305970893285226,0.5513421583013277,0.5080493510819171,22
all,PCA,0.1,kmeans,7,345,0.15555088800301997,1.802747698733805,55.736280170338866,0.06449758968976452,0.08548458190838996,0.07139064255468287,0.5710030526168769,0.5451764123902223,16
all,PCA,0.1,kmeans,8,345,0.13436686132196488,1.7865953071852108,52.20154919649205,0.018406288756545593,0.07518517285920111,0.05975572154123389,0.4639677563777175,0.48901649865265573,19
all,PCA,0.1,kmeans,9,345,0.12572132168452446,1.794914144814462,49.94158941243101,0.038100624947849805,0.07513544383453154,0.05833198086702213,0.44678486791898964,0.500749184882968,17
all,PCA,0.1,kmeans,10,345,0.12852873675204227,1.8259446211834536,46.89289551404215,0.03759223559341224,0.07782000960857084,0.05945953871647217,0.4598029057052161,0.47493778254993824,15
all,PCA,0.1,ward,2,345,0.2706625732760273,1.4663624530984731,129.33302838659628,0.09434542922610635,0.05091504073936659,0.0468951932636356,,,124
all,PCA,0.1,ward,3,345,0.2342928985552872,1.7424656620236991,83.97299414287329,0.11573638979681368,0.065138076703951,0.058210266017683504,,,31
all,PCA,0.1,ward,4,345,0.19561527817351887,1.9223450801140347,69.26001614936239,0.13317714843309078,0.059428088882795764,0.05003376046325954,,,31
all,PCA,0.1,ward,5,345,0.15789263768965034,1.9099352921450794,62.01261332788344,0.061080323374521614,0.07419755763119316,0.0632651419537735,,,31
all,PCA,0.1,ward,6,345,0.1454216308538895,1.9985644631735078,56.00493624704359,0.04877250353382268,0.07100284286604262,0.05869985928585192,,,31
all,PCA,0.1,ward,7,345,0.14074887643268424,1.9160049315838872,51.53828499305308,0.05334239875648733,0.08025881074850132,0.06593938896356503,,,15
all,PCA,0.1,ward,8,345,0.14864668760821728,1.8125521238286109,48.256722377681385,0.05445594135043179,0.07896637236055706,0.0625338834056915,,,10
all,PCA,0.1,ward,9,345,0.13916781983525298,1.8026191958716349,45.611101333025125,0.043688400421948104,0.07560661295502459,0.057680244400285303,,,10
all,PCA,0.1,ward,10,345,0.12959138391825797,1.868183223734341,43.351140793436315,0.049425016575939486,0.07196111353046439,0.052590820679074425,,,10
no_moisture,RAW,0.0,kmeans,2,384,0.28153885732045336,1.4715951699933758,147.13119683558938,0.0651128694857774,0.03685163935025808,0.033253922235310235,1.0,0.9933121216112916,154
no_moisture,RAW,0.0,kmeans,3,384,0.23907400881382387,1.761617466460568,95.88194835664154,0.08983984616353591,0.05192131822522795,0.04589148346369956,0.6385109342967619,0.6095159118290812,52
no_moisture,RAW,0.0,kmeans,4,384,0.20017852666076166,2.014709692519223,77.6689593030656,0.1075695621297663,0.06369449753598976,0.055917811296800055,0.47906556040331566,0.5038054113990308,55
no_moisture,RAW,0.0,kmeans,5,384,0.17089644460039008,1.9688508744107467,66.645294423852,0.07572396190328887,0.04827641631861184,0.03842135758026376,0.4324893706577244,0.4560825258230589,24
no_moisture,RAW,0.0,kmeans,6,384,0.1715650830094901,1.8627533967049645,62.5671657174955,0.08905027957721538,0.05227138807137919,0.04028069433861403,0.46857146783891507,0.4324591389457651,21
no_moisture,RAW,0.0,kmeans,7,384,0.1439838365723245,1.8100108730678446,58.32699115053244,0.041734742431458825,0.06870078432776783,0.055556995324389326,0.45725162544658504,0.4388972914238886,9
no_moisture,RAW,0.0,kmeans,8,384,0.12366211631006356,1.763291933323474,54.28594260196777,0.048952407842616195,0.06218200927996294,0.04833398956202765,0.45436625925451657,0.4392797692201466,21
no_moisture,RAW,0.0,kmeans,9,384,0.12440108760037126,1.7305670554043904,52.935404847765604,0.055710318610974,0.06456827095636673,0.04921722762101285,0.4704048851464928,0.43621467624748367,24
no_moisture,RAW,0.0,kmeans,10,384,0.12121865642508552,1.8082970954867963,48.59693927802698,0.04298351992749759,0.0540556989685499,0.03683963710169283,0.4952227444942714,0.4547663061503465,17
no_moisture,RAW,0.0,ward,2,384,0.2669477494409446,1.5289633635316882,133.55994435628762,0.08208645848110531,0.04642203979112889,0.04285231741924985,,,149
no_moisture,RAW,0.0,ward,3,384,0.2442575437946821,1.7786559751296236,88.34321315258637,0.08645405224967807,0.04976451363258735,0.043429727236519174,,,33
no_moisture,RAW,0.0,ward,4,384,0.23221715862136375,1.8128493399245613,71.56068000213497,0.11035527731055836,0.06549638363652543,0.0568302939615367,,,25
no_moisture,RAW,0.0,ward,5,384,0.19646253789934473,1.833990483624379,62.471595813010296,0.11392571617508974,0.06910272507594915,0.05859763397426018,,,25
no_moisture,RAW,0.0,ward,6,384,0.14435086935710176,1.860636768164322,57.21295024971536,0.11191251510098515,0.0712524360650282,0.05930887297023683,,,25
no_moisture,RAW,0.0,ward,7,384,0.15203630765743406,1.7189463902089612,53.99968570567332,0.11252059289533618,0.0716389785076156,0.05749784204833516,,,8
no_moisture,RAW,0.0,ward,8,384,0.15745697787732504,1.8313787172784473,50.99899716214219,0.08607072212674124,0.0695933100594427,0.054423488450408744,,,8
no_moisture,RAW,0.0,ward,9,384,0.15646628003254723,1.64859975200195,47.92880902078338,0.08544810454412431,0.07409162566223441,0.05705395004504581,,,8
no_moisture,RAW,0.0,ward,10,384,0.09890587448027766,1.7701721223424234,45.49960838577658,0.04360506476985381,0.06984175335773714,0.05230170087488951,,,8
no_moisture,RAW,0.05,kmeans,2,364,0.28129253227025075,1.4619512404987198,143.6815796894756,0.07861570636503486,0.04594126436559204,0.042138323514912424,1.0,1.0,140
no_moisture,RAW,0.05,kmeans,3,364,0.23980326773301208,1.7380654046656432,92.02983295220554,0.09743606807305814,0.05167838951383428,0.044911340861596066,0.7950267662406838,0.6912831331929341,40
no_moisture,RAW,0.05,kmeans,4,364,0.19488902172322856,1.9388244969715651,80.18854771229448,0.09110535525371707,0.05575659150747724,0.047393535084273256,0.6241416084264044,0.5913018462876023,39
no_moisture,RAW,0.05,kmeans,5,364,0.13161455950774487,2.0546561832619323,68.01635729955764,0.052212610175706546,0.06576962212252283,0.056062085146251384,0.5526024373226958,0.5670738699087439,36
no_moisture,RAW,0.05,kmeans,6,364,0.1259213363220338,2.0129252193658,62.60542655041676,0.046807294200061265,0.06090172683001979,0.04934986409679042,0.5055753303625802,0.4988496908967644,24
no_moisture,RAW,0.05,kmeans,7,364,0.1307297541725961,1.860033874708564,58.870214331349636,0.04647845256862973,0.09050689223811875,0.07790942527834815,0.4728390404543815,0.4842034969722591,24
no_moisture,RAW,0.05,kmeans,8,364,0.15478231161538042,1.8066024861543788,55.159563236237716,0.05831386621151139,0.09458277171360822,0.07980285134952032,0.500217804170721,0.45666249648229384,22
no_moisture,RAW,0.05,kmeans,9,364,0.13927699539697272,1.872415839280031,49.41156904748247,0.05688987400854082,0.08358776888128414,0.06688993235754517,0.5125247288691935,0.45134202496391035,13
no_moisture,RAW,0.05,kmeans,10,364,0.10745533577208626,1.9471081222674207,46.084025019136604,0.034811052200099696,0.07275671256189624,0.05491668066296609,0.5469469035679457,0.4682523745865849,20
no_moisture,RAW,0.05,ward,2,364,0.2632852327750148,1.4956762856564856,129.06716816516615,0.06664239004514376,0.030374567482820948,0.026452388349536563,,,127
no_moisture,RAW,0.05,ward,3,364,0.221165411145589,2.0092603242547358,90.49635510287423,0.0992880472732119,0.0686126770749061,0.06263346148278433,,,69
no_moisture,RAW,0.05,ward,4,364,0.21137130270451424,1.9112037859223,72.92969886408471,0.12062168598657338,0.08636524889271605,0.07800899293715004,,,21
no_moisture,RAW,0.05,ward,5,364,0.20671088216953784,1.837743204258595,62.49396311530664,0.12650635141061692,0.08237392469739441,0.07167011028237023,,,21
no_moisture,RAW,0.05,ward,6,364,0.16796262842780676,1.9921635235062196,55.312199214394624,0.1291411920469418,0.07796851168605115,0.06548283256390108,,,21
no_moisture,RAW,0.05,ward,7,364,0.08173346745859783,2.125745601358925,50.902527679335606,0.07159424195429857,0.07178295001083337,0.058491049110000116,,,21
no_moisture,RAW,0.05,ward,8,364,0.09180722295569362,2.0079577987447994,47.86117400738358,0.0726384340600966,0.07070597812320813,0.05541162113150813,,,17
no_moisture,RAW,0.05,ward,9,364,0.10089921863354512,1.9715187575266486,45.458572301632195,0.04479059948593312,0.07210333040615237,0.05544286904435001,,,17
no_moisture,RAW,0.05,ward,10,364,0.10890461436990756,1.8314907676994197,43.68204917284781,0.045374320855290785,0.07583326224591093,0.05745757775793429,,,5
no_moisture,RAW,0.1,kmeans,2,345,0.16028488854041456,2.3854132310210443,44.67439049685916,0.09502129778642278,0.06034307514224471,0.05620750034615285,0.8222285239782112,0.9805476642699752,91
no_moisture,RAW,0.1,kmeans,3,345,0.2255570684120918,1.672385616229603,94.80866407430135,0.09571307146585335,0.07626836335649707,0.0699785942272807,0.7239554626151041,0.6422265864727408,60
no_moisture,RAW,0.1,kmeans,4,345,0.17960305765397558,1.748422823961893,75.99434284098166,0.02426024568038707,0.08506075659465379,0.0767947403497476,0.7231423123589519,0.5657541636398364,47
no_moisture,RAW,0.1,kmeans,5,345,0.13903832304483524,1.8296839245172538,63.37501135041426,0.031070763633235948,0.09251663837778695,0.08263277868670552,0.6008523936419703,0.6145045922521832,45
no_moisture,RAW,0.1,kmeans,6,345,0.14037168687284163,1.7674230348487476,62.598473178974295,0.03896264662293489,0.09491030581493587,0.08331781919994598,0.6015813763040392,0.5712862034723761,28
no_moisture,RAW,0.1,kmeans,7,345,0.13853704072745632,1.759328485241088,60.30331754201496,0.048905474651999195,0.09638750488657588,0.08318775468396691,0.5809050860828345,0.5650334152617542,21
no_moisture,RAW,0.1,kmeans,8,345,0.1281652380754458,2.0235448551195714,51.56891639007769,0.047211933269627054,0.09590962053861288,0.08078494115197388,0.5948909511230972,0.5528434526587515,21
no_moisture,RAW,0.1,kmeans,9,345,0.13864811373540575,1.9203094865896715,50.2846794413555,0.04585779918270015,0.0876989054005655,0.07067952571443367,0.5467692072032303,0.5229580524678632,18
no_moisture,RAW,0.1,kmeans,10,345,0.13831274163553364,1.8991083197719392,47.070992631277605,0.04959502604598459,0.0887202834269265,0.06999349895573857,0.5096427246486819,0.49094655375919793,11
no_moisture,RAW,0.1,ward,2,345,0.2706737091749487,1.4929410047332565,125.00235347776459,0.09921297294325357,0.057122779346680384,0.05311192463516577,,,122
no_moisture,RAW,0.1,ward,3,345,0.22486797814413378,1.709990959167886,89.26929095959521,0.10912907572878319,0.07384510243480888,0.0673996869469127,,,51
no_moisture,RAW,0.1,ward,4,345,0.21960982821894823,1.6626687475626734,73.62689865812894,0.1240739011618545,0.07702003353850423,0.06788288596152925,,,18
no_moisture,RAW,0.1,ward,5,345,0.15953303149305062,1.8427251140649918,63.066932090041284,0.054530614690700356,0.09602136747940057,0.08552379995935608,,,18
no_moisture,RAW,0.1,ward,6,345,0.1374262900195673,1.9112608713452592,56.877299678629285,0.06053604110850208,0.09198726354534685,0.07953450152616726,,,18
no_moisture,RAW,0.1,ward,7,345,0.14381920676261786,1.8460661881789036,52.411705814301214,0.062031851613388145,0.09229923927214317,0.07778567043968207,,,16
no_moisture,RAW,0.1,ward,8,345,0.13915835256671044,1.8562262152016547,48.562975240703345,0.06806976885752003,0.0899215045733465,0.07366861289636323,,,16
no_moisture,RAW,0.1,ward,9,345,0.11392515722656436,1.9765600041812452,45.88466023808708,0.04360125233431248,0.08239332315424021,0.06535981808166844,,,16
no_moisture,RAW,0.1,ward,10,345,0.11763602078077362,1.878980941463631,43.94392985863116,0.04615678961157721,0.08415869857061105,0.0654037018724264,,,16
no_moisture,PCA,0.0,kmeans,2,384,0.2929989616797594,1.4297487394561732,154.50280139614034,0.06718745521210319,0.03818529456869835,0.03459632740636342,0.9943109604875146,0.9950425295804631,155
no_moisture,PCA,0.0,kmeans,3,384,0.2488181745921624,1.7056367926563833,101.18881720809432,0.08983984616353591,0.05192131822522795,0.04589148346369956,0.6169022184520804,0.6529700031778899,52
no_moisture,PCA,0.0,kmeans,4,384,0.20913035134269375,1.9540310219964705,82.19109756394606,0.10900564184461818,0.06701625753777629,0.05927499985420352,0.6044758151532488,0.546054755574624,55
no_moisture,PCA,0.0,kmeans,5,384,0.18209740764149449,1.8583198506615974,74.88583458619996,0.10227346612739706,0.0693626281898544,0.05968920474812908,0.5534890910469275,0.46426230295672277,30
no_moisture,PCA,0.0,kmeans,6,384,0.17908509511865225,1.8606018879223785,66.11049372639937,0.10250134193006111,0.06199393541539277,0.05028518945517418,0.5292895644401142,0.47734146955125645,22
no_moisture,PCA,0.0,kmeans,7,384,0.12410470170957721,1.9268831143034908,61.356858023811974,0.06276260217435127,0.06718528731855788,0.05469789803905845,0.4529705843011212,0.4306869508311147,22
no_moisture,PCA,0.0,kmeans,8,384,0.15276538400043152,1.7955252249987472,57.82856323474947,0.05482846617852588,0.08241313458934514,0.06840997548714853,0.4729184327761261,0.4152178300349207,22
no_moisture,PCA,0.0,kmeans,9,384,0.1649527210814369,1.644695474860544,56.37646217059326,0.05257449359016985,0.07690374099348347,0.06107609506609121,0.4395096082287163,0.446573969008417,16
no_moisture,PCA,0.0,kmeans,10,384,0.16104562015910562,1.614009973251741,52.887760436681525,0.04489882658747764,0.07281178069915425,0.05530293334083832,0.44594658617378,0.43986941025907866,10
no_moisture,PCA,0.0,ward,2,384,0.2539786651674314,1.5501430533847131,118.42662843014392,0.07991851433698044,0.03852611951339819,0.03481956552890271,,,127
no_moisture,PCA,0.0,ward,3,384,0.2379508004407933,1.8524442685739346,89.97159005180352,0.10597966619237473,0.056431177214982225,0.05049307298654059,,,57
no_moisture,PCA,0.0,ward,4,384,0.22841507206455855,1.7938856955241538,72.26933826642033,0.12375750859978278,0.06953790448601115,0.06119166524063401,,,22
no_moisture,PCA,0.0,ward,5,384,0.14369031249501976,1.8882306791901882,64.6668155328732,0.12022970791839244,0.08717721306512698,0.07786893611763661,,,22
no_moisture,PCA,0.0,ward,6,384,0.1549510651885788,1.7645372702384405,61.03656172847769,0.12225005245434033,0.08401484617812291,0.07259942416168391,,,22
no_moisture,PCA,0.0,ward,7,384,0.13409249870633003,1.795483844809257,57.362811858815355,0.12614011858327884,0.07957371908956921,0.06665700058497154,,,22
no_moisture,PCA,0.0,ward,8,384,0.12271767054755045,1.8177562084015835,53.55850625453282,0.06516500025354906,0.08741707046917199,0.0734839379887092,,,22
no_moisture,PCA,0.0,ward,9,384,0.1316206914912574,1.6957823489778585,50.91665899302072,0.06591199382172272,0.09208478564174166,0.07641223150186544,,,6
no_moisture,PCA,0.0,ward,10,384,0.1005939360878944,1.7019827944467167,48.394379372206295,0.039858103944350846,0.08919543158556488,0.07263532888454818,,,6
no_moisture,PCA,0.05,kmeans,2,364,0.292676463718327,1.4196683875127551,150.98447790904072,0.07861570636503486,0.04594126436559204,0.042138323514912424,1.0,1.0,140
no_moisture,PCA,0.05,kmeans,3,364,0.25162215399992216,1.697926061137257,97.04076316265603,0.09743606807305814,0.05167838951383428,0.044911340861596066,0.6846673708880422,0.6735026934730225,40
no_moisture,PCA,0.05,kmeans,4,364,0.20606813092536544,1.8696479834990185,85.06751727007745,0.09834253183449937,0.06036251917452073,0.052032395718667655,0.6622600835140283,0.6044899359761277,40
no_moisture,PCA,0.05,kmeans,5,364,0.1661094847116967,1.8879962785253857,70.97433244100998,0.04815975049389748,0.04646647672863043,0.03637950033733434,0.5465672371797102,0.5554379999072923,38
no_moisture,PCA,0.05,kmeans,6,364,0.16731552082747053,1.8338757991659769,65.2358931493013,0.05958781083186672,0.05474998745819712,0.042737802638242256,0.4847660500305702,0.5002967217033945,24
no_moisture,PCA,0.05,kmeans,7,364,0.1285763596198264,1.7980366195054376,60.24285773960407,0.031964832844002936,0.053125162069605304,0.03982609655058068,0.4893430964043635,0.46644266631996373,24
no_moisture,PCA,0.05,kmeans,8,364,0.1215247222727308,1.7658416391301617,56.19658779525618,0.05589885863195649,0.06647384361002412,0.05136456287407041,0.5196555429065781,0.4584166080072463,20
no_moisture,PCA,0.05,kmeans,9,364,0.12195967784009218,1.7237897242702533,52.31215713412008,0.056011354172960964,0.06382936509644914,0.046795023837799994,0.5088707114798212,0.44709677368665485,18
no_moisture,PCA,0.05,kmeans,10,364,0.12991924342038588,1.7257926264421823,50.38550783848475,0.047810708958398354,0.05361654729065086,0.03484046640548386,0.5361681034636178,0.43834216645336155,15
no_moisture,PCA,0.05,ward,2,364,0.2883576015454998,1.4351661739190873,147.1221962595726,0.08791505202018743,0.05114681160356102,0.047359590909954404,,,139
no_moisture,PCA,0.05,ward,3,364,0.22734722362581777,1.7147274353320603,97.02303850849822,0.09535728715917455,0.06056002608915761,0.05426878722667062,,,45
no_moisture,PCA,0.05,ward,4,364,0.21826993567386518,1.6428561256083074,77.1570358961869,0.10788452151514517,0.06153034021649442,0.05249346506105532,,,14
no_moisture,PCA,0.05,ward,5,364,0.18265997946872922,1.9695669476136466,66.03419878351063,0.12216353949526977,0.05946714889249788,0.04852208925574959,,,14
no_moisture,PCA,0.05,ward,6,364,0.15236282747921487,2.043395642458489,59.409683920133375,0.05985414459783317,0.07123988833534399,0.059014935966243014,,,14
no_moisture,PCA,0.05,ward,7,364,0.1533124363981642,1.9308064334885757,54.734997380645794,0.06108507291984116,0.06926219184161189,0.054892464324930786,,,14
no_moisture,PCA,0.05,ward,8,364,0.14707775332725798,1.8911000116520482,51.816292223967245,0.06696328745361689,0.07448376873145979,0.05890720078342029,,,14
no_moisture,PCA,0.05,ward,9,364,0.1551624023932755,1.76488802913799,49.785489613192205,0.06825481416355325,0.07755169281167144,0.06015511578146314,,,5
no_moisture,PCA,0.05,ward,10,364,0.11442877876773666,1.7556031884771404,47.30785015081138,0.04358710534263952,0.07522286736518037,0.056900270149014644,,,5
no_moisture,PCA,0.1,kmeans,2,345,0.28541629210234554,1.4376507084216927,135.71311749298994,0.08789465629644354,0.05078513901457049,0.046766749106969326,0.9876838542025331,0.9797331858415823,126
no_moisture,PCA,0.1,kmeans,3,345,0.17837731093372364,1.801016340160636,91.9612025387682,0.024212574743911176,0.08439782692954731,0.07818410675593733,0.6858015692270092,0.6970850112195803,62
no_moisture,PCA,0.1,kmeans,4,345,0.18784510390259831,1.6884440624483825,80.32063057172854,0.02628021337463701,0.08484967798501072,0.07658549038084504,0.6986304504696695,0.7017513704513141,48
no_moisture,PCA,0.1,kmeans,5,345,0.19689801773163407,1.7276822906524973,75.08034950286253,0.05350615713566406,0.11056919224065274,0.1005727178477659,0.6537322025085858,0.6201541356876537,32
no_moisture,PCA,0.1,kmeans,6,345,0.17289699326083244,1.8356637786880825,65.10291917734514,0.03390422435640905,0.06971586627251823,0.05760789908332433,0.6103442299661757,0.6524661072961776,33
no_moisture,PCA,0.1,kmeans,7,345,0.1937409446530286,1.6603331156649936,64.04727246216737,0.04969987241153192,0.09226000228602572,0.07816395033405575,0.5723866723349956,0.5695332197133779,20
no_moisture,PCA,0.1,kmeans,8,345,0.14707740683131149,1.6785329966620808,58.93955438526212,0.018997197699830444,0.07395809874579008,0.05865830252372796,0.6086290439929246,0.5279691815390914,18
no_moisture,PCA,0.1,kmeans,9,345,0.14581533413979916,1.6655539105611183,55.25681128391916,0.024598179265363503,0.07918862605242277,0.062310518605570686,0.5964802235538427,0.529742660194822,15
no_moisture,PCA,0.1,kmeans,10,345,0.149071191489419,1.661659978616246,52.396052120589175,0.032979115421729085,0.08867622467387516,0.07036053837631992,0.5778498418875498,0.5058300397210665,15
no_moisture,PCA,0.1,ward,2,345,0.27153219674958345,1.4857270040543251,124.94170193708011,0.08720202626213816,0.04664226477338806,0.04259348802167379,,,124
no_moisture,PCA,0.1,ward,3,345,0.23614379739155333,1.6868986417181986,91.50065863763515,0.1119841255334695,0.07450836045940389,0.06810558798808783,,,53
no_moisture,PCA,0.1,ward,4,345,0.21181182961284722,1.8947739888315933,75.01361600613123,0.1282637727739231,0.06900909455890715,0.06017599410851272,,,39
no_moisture,PCA,0.1,ward,5,345,0.14752507626540354,1.9873743383508375,65.92293428182741,0.0554683549130072,0.09120209754717733,0.08123406045064216,,,39
no_moisture,PCA,0.1,ward,6,345,0.14557462361271642,1.754095778350222,60.37977015852478,0.05925224791076307,0.09584664817828197,0.08365033592914864,,,17
no_moisture,PCA,0.1,ward,7,345,0.15624497078946836,1.705583885043141,56.752209236010785,0.06211274930772697,0.09330358510489453,0.07906462898383507,,,17
no_moisture,PCA,0.1,ward,8,345,0.15866215260941907,1.5795920037248612,53.24740779661935,0.06411488637164492,0.09350418817114449,0.07722426238987853,,,14
no_moisture,PCA,0.1,ward,9,345,0.13104598588780503,1.6043113161508638,50.650688388125566,0.046694874298595146,0.08745307224573831,0.07016704077515752,,,14
no_moisture,PCA,0.1,ward,10,345,0.12850063095616124,1.7157394413112026,48.667848237227304,0.05196048256587087,0.08380348552646806,0.06515992744061738,,,14
