Год,Регист номер,Объем T,Влага %,Протеин %,Калий г/кг,Клетчатка %,Зола %,Кальций г/кг,Фосфор г/кг,Каротин мг/кг,Сахар,Нитраты мг/кг,Жир %,ОЭ МДж,Корм. ед.,Перев прот. г/кг,Кач-во корма,Крахм %,Наименование,Outlier,Cluster
2021,65,500.00,74.83,15.9,27.0,30.9,9.2,17.5,3.2,,3.0,,3.2,8.35,0.61,107.0,2,1.2,Люцерновый,False,0
2021,44,0.00,75.79,19.3,,27.18,10.45,,,,6.0,,2.42,8.33,0.64,129.0,1,2.3,Люцерновый,False,0
2021,85,0.00,78.26,10.4,,40.86,9.0,,,,5.0,,1.85,7.88,0.49,70.0,,1.6,Люцерновый,False,0
2021,95,0.00,0.0,,,,,,,,,,,9.18,1.03,,,,Люцерновый,False,1
2021,488,702.00,70.26,10.9,19.3,35.66,7.0,17.1,2.7,16.0,6.0,363.0,2.12,8.21,0.57,73.0,3,1.6,Люцерновый,False,0
2022,777,0.00,79.21,13.0,19.2,33.3,9.2,19.9,1.9,,3.0,,2.12,8.12,0.57,87.0,,2.3,Люцерновый,False,0
2022,279,1100.00,78.24,12.9,,32.63,9.71,,,,7.0,,1.64,9.04,0.57,86.0,,1.3,Люцерновый,False,0
2022,325,780.00,68.79,13.9,25.8,27.14,8.8,25.4,2.1,65.0,18.0,347.0,2.25,8.33,0.65,93.0,1,1.9,Люцерновый,False,0
2022,55,1414.00,71.81,12.9,21.9,35.44,8.95,17.9,2.4,15.0,3.0,371.0,3.54,8.23,0.57,87.0,,1.8,Люцерновый,False,0
2022,56,814.00,76.33,14.1,22.4,32.13,9.96,17.7,2.9,17.0,4.0,380.0,3.45,8.23,0.59,94.0,,1.5,Люцерновый,False,0
2022,738,942.00,67.1,15.0,16.4,26.16,9.3,28.9,2.3,49.0,7.0,380.0,2.59,8.37,0.66,101.0,1,5.3,Люцерновый,False,0
2022,739,410.00,67.0,12.2,16.9,25.72,8.5,24.7,2.4,45.0,3.0,363.0,2.64,8.38,0.67,82.0,2,4.2,Люцерновый,False,0
2022,347,1236.00,72.2,17.3,20.8,30.88,9.0,18.2,2.6,,5.0,,1.88,8.28,0.6,116.0,1,1.9,Люцерновый,False,0
2022,85,612.00,71.92,13.1,,27.88,7.62,20.7,3.2,,41.0,,2.96,8.47,0.66,88.0,1,2.3,Люцерновый,False,0
2022,333,1000.00,76.68,13.6,27.5,30.61,9.1,19.3,3.3,73.0,3.0,309.0,2.01,8.19,0.61,91.0,2,1.6,Люцерновый,False,0
2022,552,1000.00,68.29,16.8,,30.57,10.8,,,,9.0,,2.12,8.13,0.59,113.0,1,2.1,Люцерновый,False,0
2022,195,596.00,64.12,15.9,,30.87,9.2,,,,18.0,,2.01,8.24,0.6,106.0,1,1.5,Люцерновый,False,0
2022,391,2393.00,70.69,10.4,20.8,26.6,6.5,18.9,2.7,34.0,7.0,302.0,2.35,8.47,0.68,70.0,2,1.8,Люцерновый,False,0
2022,256,1000.00,74.43,15.1,23.9,25.2,8.9,15.4,1.9,66.0,4.0,398.0,2.08,8.38,0.67,101.0,1,4.1,Люцерновый,False,0
2022,254,1000.00,68.63,12.3,19.1,26.03,11.4,13.8,2.7,41.0,5.0,380.0,1.85,8.04,0.63,82.0,2,3.6,Люцерновый,False,0
2022,659,500.00,74.95,12.2,15.3,39.18,9.1,24.6,1.8,,2.0,,1.98,7.96,0.51,82.0,,0.6,Люцерновый,False,0
2022,153,333.00,74.78,15.1,21.3,26.33,9.1,16.9,3.0,56.0,6.0,355.0,3.05,8.43,0.66,101.0,1,1.2,Люцерновый,False,0
2023,141,500.00,71.29,19.5,27.1,25.4,9.3,22.2,3.3,60.0,9.0,288.0,2.61,8.5,0.67,131.0,1,1.2,Люцерновый,False,0
2023,51,500.00,62.43,12.9,23.5,22.81,8.9,23.7,1.9,32.0,47.0,191.0,2.41,8.41,0.7,87.0,2,1.8,Люцерновый,False,0
2023,254,1600.00,70.4,16.8,22.4,22.95,9.2,14.7,3.2,54.0,6.0,204.0,2.89,8.52,0.7,113.0,1,1.0,Люцерновый,False,0
2023,365,0.00,64.0,12.3,21.2,28.5,8.1,14.6,3.1,44.0,6.0,214.0,2.05,8.3,0.64,82.0,2,1.5,Люцерновый,False,0
2023,697,914.00,65.0,12.8,24.5,24.5,8.2,12.7,2.5,29.0,6.0,282.0,2.8,8.47,0.69,85.0,2,4.2,Люцерновый,False,0
2023,699,497.00,66.3,12.8,22.1,25.4,8.3,16.3,2.5,35.0,18.0,251.0,2.4,8.4,0.68,86.0,2,2.2,Люцерновый,False,0
2023,310,500.00,67.2,16.2,25.5,25.2,6.9,23.4,2.5,51.0,5.0,257.0,2.56,8.64,0.69,108.0,1,1.1,Люцерновый,False,0
2023,425,500.00,66.9,13.4,18.7,26.5,8.4,14.9,2.2,39.0,7.0,204.0,2.12,8.35,0.66,90.0,1,1.1,Люцерновый,False,0
2023,164,900.00,76.6,14.6,21.2,31.7,7.4,20.4,2.4,73.0,9.0,269.0,2.11,8.36,0.61,98.0,3,1.3,Люцерновый,False,0
2023,314,500.00,75.8,14.1,21.4,28.4,9.3,9.9,3.2,70.0,7.0,269.0,2.69,8.3,0.63,95.0,2,1.4,Люцерновый,False,0
2024,305,472.00,66.1,16.7,26.8,28.4,11.4,25.0,2.7,32.0,9.0,223.0,2.74,8.18,0.61,112.0,2,2.1,Люцерновый,False,0
2024,306,2746.00,67.6,16.1,21.0,29.5,9.9,24.0,2.8,34.0,7.0,269.0,2.39,8.24,0.61,108.0,1,2.8,Люцерновый,False,0
2024,495,2746.00,71.7,17.3,20.8,28.4,9.2,16.8,3.1,49.0,2.0,98.0,2.0,8.33,0.63,116.0,1,4.0,Люцерновый,False,0
2024,689,537.00,73.9,12.4,22.3,25.8,8.1,19.1,3.6,57.0,9.0,324.0,2.89,8.45,0.68,83.0,2,3.5,Люцерновый,False,0
2024,378,500.00,69.2,13.9,23.1,31.2,10.1,35.8,2.6,45.0,4.0,148.0,2.3,8.12,0.59,93.0,2,2.6,Люцерновый,False,0
2024,407,1783.00,75.5,12.1,19.3,31.8,6.6,9.4,2.6,41.0,7.0,257.0,2.24,8.38,0.62,81.0,3,2.3,Люцерновый,False,0
2024,274,1200.00,73.0,15.1,25.9,31.4,9.4,29.2,2.5,56.0,5.0,118.0,2.0,8.18,0.59,101.0,2,0.8,Люцерновый,False,0
2024,230,500.00,73.2,14.6,21.7,35.1,8.3,23.8,3.3,41.0,4.0,85.0,2.0,8.19,0.56,98.0,2,0.7,Люцерновый,False,0
2024,310,500.00,70.5,12.8,,38.1,9.0,,,,5.0,,1.95,8.01,0.52,85.0,,1.9,Люцерновый,False,0
2024,243,59.00,79.5,12.1,20.5,40.7,8.0,24.9,3.1,49.0,7.0,145.0,2.29,8.06,0.5,81.0,,1.3,Люцерновый,False,0
2024,610,0.00,75.4,15.0,20.7,25.7,9.8,16.6,2.8,66.0,4.0,159.0,2.2,8.29,0.66,101.0,1,3.7,Люцерновый,False,0
2025,348,2000.00,68.3,14.7,22.2,33.4,10.3,21.4,2.8,44.0,5.0,281.0,2.9,8.13,0.57,98.0,2,1.7,Люцерновый,False,0
2025,231,500.00,76.5,13.1,,32.9,8.6,,,47.0,13.0,,2.2,8.19,0.59,88.0,,1.4,Люцерновый,False,0
2025,280,2500.00,64.0,17.0,,26.6,10.1,,,,9.0,,2.8,8.35,0.65,114.0,,1.0,Люцерновый,False,0
2025,281,2500.00,76.1,15.5,,24.6,11.0,,,,4.0,,2.2,8.22,0.66,104.0,,1.9,Люцерновый,False,0
2025,367,500.00,68.9,17.3,,28.8,10.3,,,,10.0,,2.5,8.27,0.62,116.0,1,1.5,Люцерновый,False,0
2025,385,500.00,68.5,12.6,15.8,32.5,10.9,17.7,3.6,44.0,14.0,229.0,1.9,7.95,0.56,85.0,,2.7,Люцерновый,False,0
2025,448,2200.00,77.0,17.5,24.6,29.7,9.2,15.5,3.1,57.0,5.0,208.0,2.6,8.36,0.62,117.0,2,3.1,Люцерновый,False,0
2025,319,500.00,67.1,14.4,21.6,30.5,7.7,18.0,2.6,43.0,11.0,275.0,2.3,8.37,0.62,97.0,2,2.2,Люцерновый,False,0
2025,298,500.00,72.4,14.4,20.5,30.3,8.5,20.8,3.2,65.0,9.0,263.0,2.85,8.36,0.62,96.0,2,6.2,Люцерновый,False,0
2025,141,500.00,62.9,15.4,23.2,27.4,9.6,18.7,2.2,35.0,26.0,112.0,2.0,8.26,0.64,103.0,1,2.8,Люцерновый,False,0
2025,295,500.00,61.5,12.9,19.3,31.0,7.7,17.3,2.4,42.0,26.0,263.0,2.15,8.31,0.62,87.0,2,2.3,Люцерновый,False,0
2025,296,500.00,62.6,12.1,15.0,31.9,8.4,14.7,2.3,40.0,20.0,282.0,2.08,8.2,0.6,81.0,3,1.7,Люцерновый,False,0
2025,371,0.00,74.7,12.3,23.1,37.5,8.4,13.3,1.9,67.0,4.0,309.0,1.85,8.05,0.53,82.0,3,2.1,Люцерновый,False,0
2025,453,0.00,73.6,14.7,12.8,33.1,7.5,15.2,3.2,53.0,8.0,263.0,2.15,8.33,0.59,98.0,2,4.8,Люцерновый,False,0
2021,466,1750.00,75.52,9.1,19.8,33.29,5.9,11.3,3.6,65.0,8.0,427.0,2.06,8.47,0.62,60.0,3,3.8,Смеси боб-злак,False,0
2021,627,1155.00,77.14,7.1,13.5,42.45,6.4,10.0,0.5,48.0,4.0,525.0,2.12,8.06,0.5,47.0,,1.2,Смеси боб-злак,False,0
2021,249,1560.00,71.53,14.1,,26.62,5.8,15.1,3.1,,5.0,,2.34,8.83,0.71,93.0,1,0.8,Смеси боб-злак,False,0
2021,250,1234.00,71.69,12.4,,28.25,6.0,14.6,2.7,,9.0,,2.58,8.75,0.69,82.0,1,2.0,Смеси боб-злак,False,0
2021,332,1234.00,68.98,10.9,,29.52,10.2,4.2,1.5,,9.0,,3.51,8.36,0.63,72.0,2,1.5,Смеси боб-злак,False,0
2021,333,1234.00,70.11,12.8,,29.97,9.8,5.9,2.2,,12.0,,3.13,8.37,0.63,85.0,1,1.2,Смеси боб-злак,False,0
2021,285,0.00,67.87,14.2,17.3,31.43,9.9,11.2,3.9,40.0,9.0,363.0,3.07,8.33,0.61,94.0,2,1.1,Смеси боб-злак,False,0
2021,383,753.00,61.22,10.4,15.7,32.51,8.5,11.2,2.4,34.0,9.0,389.0,2.32,8.29,0.6,68.0,3,6.1,Смеси боб-злак,False,0
2021,349,0.00,63.55,9.7,16.3,31.52,5.3,13.4,4.1,33.0,13.0,363.0,4.15,8.81,0.67,64.0,3,17.4,Смеси боб-злак,False,0
2021,359,2900.00,65.37,8.9,18.5,36.74,6.5,11.2,3.4,38.0,6.0,417.0,2.25,8.3,0.57,59.0,3,1.6,Смеси боб-злак,False,0
2021,462,2600.00,68.28,9.6,16.4,32.08,5.7,8.6,2.5,44.0,5.0,347.0,2.85,8.62,0.65,64.0,3,1.3,Смеси боб-злак,False,0
2021,192,500.00,74.4,11.9,21.2,33.18,7.1,19.0,2.6,54.0,5.0,468.0,1.31,8.32,0.6,79.0,2,1.3,Смеси боб-злак,False,0
2021,193,500.00,75.21,14.4,19.1,26.93,5.9,18.4,3.8,63.0,15.0,479.0,1.93,8.77,0.7,95.0,1,0.9,Смеси боб-злак,False,0
2021,601,1100.00,66.79,16.9,,35.39,,,,,,,,8.9,0.64,111.0,2,1.5,Смеси боб-злак,False,0
2021,736,0.00,65.87,10.1,4.3,28.0,6.9,10.4,3.5,32.0,28.0,427.0,2.08,8.58,0.68,66.0,2,2.4,Смеси боб-злак,False,1
2021,430,600.00,77.83,12.5,20.5,30.73,6.4,12.7,2.4,86.0,7.0,479.0,3.51,8.71,0.66,83.0,1,1.9,Смеси боб-злак,False,0
2021,429,560.00,74.52,6.9,18.1,40.92,4.6,13.6,3.1,47.0,7.0,437.0,2.05,8.28,0.54,46.0,3,1.7,Смеси боб-злак,False,0
2021,569,500.00,69.42,11.7,13.9,38.96,6.9,10.8,2.6,36.0,17.0,417.0,2.05,8.2,0.53,77.0,2,0.8,Смеси боб-злак,False,0
2021,446,900.00,71.66,10.5,17.9,31.08,5.7,9.4,2.2,12.0,38.0,457.0,2.05,8.59,0.65,69.0,2,3.5,Смеси боб-злак,False,0
2021,562,1000.00,80.78,15.2,15.9,40.73,7.4,7.9,2.1,83.0,6.0,537.0,3.12,8.25,0.51,100.0,3,1.8,Смеси боб-злак,False,0
2021,241,1140.00,73.8,11.4,16.8,30.57,6.1,15.4,1.7,76.0,11.0,427.0,2.87,8.67,0.66,75.0,2,2.5,Смеси боб-злак,False,0
2021,242,1140.00,72.78,11.9,15.9,30.55,6.0,12.6,3.3,83.0,7.0,417.0,3.01,8.7,0.66,78.0,2,1.7,Смеси боб-злак,False,0
2021,243,1140.00,71.73,11.8,12.6,32.16,5.9,11.1,1.9,49.0,8.0,398.0,2.7,8.62,0.64,78.0,2,2.4,Смеси боб-злак,False,0
2021,244,1140.00,69.26,10.4,11.2,36.39,5.7,12.9,1.9,68.0,14.0,417.0,2.34,8.42,0.59,69.0,3,1.6,Смеси боб-злак,False,0
2021,245,1140.00,69.01,10.5,16.4,30.95,6.3,11.8,1.5,40.0,21.0,389.0,2.22,8.55,0.65,69.0,2,2.0,Смеси боб-злак,False,0
2021,246,1140.00,73.34,12.1,15.9,32.5,6.0,12.8,2.0,63.0,5.0,355.0,2.69,8.6,0.63,80.0,2,2.6,Смеси боб-злак,False,0
2021,247,2000.00,70.81,11.8,16.5,31.89,7.9,8.7,3.5,58.0,5.0,407.0,2.44,8.4,0.62,78.0,2,7.9,Смеси боб-злак,False,0
2022,344,500.00,66.44,10.9,13.4,24.44,9.7,12.2,2.8,,16.0,,2.54,8.49,0.7,72.0,2,10.6,Смеси боб-злак,False,0
2022,345,500.00,67.09,14.8,19.8,28.4,9.8,17.9,2.5,,16.0,,1.85,8.33,0.64,98.0,1,2.2,Смеси боб-злак,False,0
2022,696,0.00,67.84,13.0,23.9,26.01,8.7,24.8,2.4,44.0,10.0,214.0,2.11,8.53,0.68,86.0,1,4.1,Смеси боб-злак,False,0
2022,697,0.00,70.78,12.7,25.5,28.67,9.7,28.1,1.8,51.0,5.0,200.0,2.18,8.33,0.64,84.0,1,3.9,Смеси боб-злак,False,0
2022,189,684.00,68.32,10.9,,30.59,5.9,12.9,1.6,,27.0,,2.56,8.65,0.66,72.0,2,1.8,Смеси боб-злак,False,0
2022,510,1000.00,65.83,11.4,13.6,25.98,5.7,10.2,2.1,47.0,4.0,275.0,2.38,8.83,0.72,75.0,1,9.0,Смеси боб-злак,False,0
2022,548,2000.00,68.1,12.8,15.5,27.9,12.9,6.7,4.5,44.0,19.0,275.0,3.04,8.13,0.62,84.0,1,12.3,Смеси боб-злак,False,0
2022,550,2500.00,69.12,10.4,17.4,23.01,5.8,3.4,2.0,39.0,23.0,302.0,3.12,8.98,0.77,69.0,2,14.1,Смеси боб-злак,False,1
2022,296,762.00,77.64,11.4,25.3,27.25,7.4,9.9,3.7,63.0,5.0,398.0,1.84,8.56,0.68,75.0,2,3.1,Смеси боб-злак,False,0
2022,399,745.00,65.63,8.7,14.7,28.71,5.3,4.9,1.2,38.0,6.0,389.0,2.59,8.74,0.69,57.0,3,8.5,Смеси боб-злак,False,1
2022,400,1771.00,68.15,7.6,15.9,31.92,5.4,9.3,1.9,47.0,9.0,347.0,1.98,8.54,0.65,50.0,3,1.9,Смеси боб-злак,False,0
2022,401,1987.00,76.72,9.9,16.4,37.29,4.8,12.9,2.4,60.0,6.0,407.0,1.88,8.43,0.58,66.0,3,1.7,Смеси боб-злак,False,0
2022,367,4000.00,63.98,11.9,17.4,34.11,8.5,9.2,3.5,39.0,6.0,295.0,2.23,8.24,0.58,78.0,2,1.5,Смеси боб-злак,False,0
2022,341,600.00,78.54,13.3,15.2,29.85,8.5,11.4,1.6,65.0,7.0,371.0,2.04,8.4,0.63,87.0,1,2.6,Смеси боб-злак,False,0
2022,397,0.00,66.96,10.8,,25.95,5.5,11.0,3.4,48.0,14.0,,3.49,8.95,0.73,71.0,2,6.6,Смеси боб-злак,False,0
2022,498,0.00,65.65,13.6,,29.75,9.4,11.4,3.3,41.0,10.0,,2.36,8.35,0.63,90.0,1,2.1,Смеси боб-злак,False,0
2022,499,0.00,66.24,14.1,,29.76,10.6,10.9,3.8,36.0,10.0,,2.28,8.23,0.61,93.0,1,1.1,Смеси боб-злак,False,0
2022,500,0.00,65.23,13.1,,30.49,9.1,12.0,3.0,32.0,,,2.31,8.34,0.62,87.0,1,1.6,Смеси боб-злак,False,0
2023,368,0.00,66.7,13.1,21.4,29.7,7.9,12.1,3.4,51.0,9.0,240.0,2.12,8.47,0.64,86.0,1,1.2,Смеси боб-злак,False,0
2023,369,0.00,65.7,11.1,21.1,30.8,7.7,15.3,2.9,44.0,4.0,246.0,2.06,8.41,0.63,73.0,2,1.3,Смеси боб-злак,False,0
2023,692,500.00,70.6,11.3,,26.6,8.8,,,,6.0,,2.1,8.47,0.68,75.0,1,3.8,Смеси боб-злак,False,0
2023,320,50.00,78.2,11.8,19.4,33.6,10.0,23.0,2.5,12.0,3.0,251.0,2.21,8.11,0.57,78.0,,1.3,Смеси боб-злак,False,0
2023,677,5.00,72.0,9.5,19.8,31.2,7.2,7.6,2.5,50.0,6.0,204.0,3.11,8.53,0.64,63.0,,3.2,Смеси боб-злак,False,0
2023,418,3000.00,69.3,14.3,18.5,28.1,7.9,12.7,3.4,33.0,7.0,209.0,2.78,8.62,0.67,94.0,1,1.3,Смеси боб-злак,False,0
2023,579,600.00,74.7,11.8,17.1,29.7,7.0,13.4,1.6,40.0,5.0,234.0,1.7,8.5,0.65,78.0,2,3.9,Смеси боб-злак,False,0
2023,703,160.00,71.8,14.1,26.8,26.8,9.9,25.2,2.6,47.0,19.0,275.0,2.5,8.43,0.66,93.0,1,3.8,Смеси боб-злак,False,0
2023,360,1500.00,70.7,10.5,,38.5,6.9,,,51.0,10.0,,2.34,8.23,0.54,69.0,,8.2,Смеси боб-злак,False,0
2023,420,1200.00,73.9,13.1,17.8,26.2,7.8,13.0,2.4,53.0,10.0,246.0,2.29,8.63,0.69,86.0,1,1.4,Смеси боб-злак,False,0
2023,432,500.00,76.1,9.8,18.5,38.8,8.6,15.7,1.9,50.0,6.0,257.0,2.89,8.09,0.53,64.0,,1.3,Смеси боб-злак,False,0
2023,318,500.00,74.9,11.1,15.5,30.3,7.7,6.8,3.0,60.0,33.0,234.0,2.25,8.45,0.64,73.0,2,1.7,Смеси боб-злак,False,0
2023,582,500.00,70.3,12.1,16.6,30.3,7.0,10.5,2.2,40.0,3.0,229.0,1.0,8.41,0.64,80.0,1,1.8,Смеси боб-злак,False,0
2023,594,500.00,69.5,13.4,23.5,26.3,11.7,18.0,2.8,49.0,5.0,251.0,3.15,8.33,0.66,89.0,1,3.4,Смеси боб-злак,False,0
2023,255,600.00,82.8,11.4,16.7,29.0,6.4,8.8,1.6,87.0,5.0,324.0,2.14,8.62,0.67,75.0,2,1.0,Смеси боб-злак,False,0
2023,298,1080.00,70.7,6.6,13.4,37.3,5.7,5.7,1.9,48.0,5.0,257.0,1.86,8.28,0.57,44.0,,1.9,Смеси боб-злак,False,0
2023,225,500.00,73.2,11.1,18.6,29.5,6.8,9.1,2.9,56.0,9.0,224.0,2.05,8.55,0.66,73.0,2,1.1,Смеси боб-злак,False,0
2023,182,1500.00,75.7,11.1,20.6,28.4,6.4,12.8,1.7,67.0,8.0,191.0,2.91,8.72,0.69,73.0,2,1.5,Смеси боб-злак,False,0
2023,183,2000.00,73.09,11.1,21.2,27.9,6.3,15.5,1.7,48.0,6.0,148.0,2.86,8.74,0.69,73.0,1,1.3,Смеси боб-злак,False,0
2023,185,2000.00,74.2,11.4,21.4,27.7,6.5,14.9,1.7,54.0,9.0,129.0,2.16,8.66,0.69,75.0,1,1.5,Смеси боб-злак,False,0
2023,340,0.00,74.0,15.3,,23.1,7.8,,,,8.0,,2.15,8.76,0.73,101.0,1,1.1,Смеси боб-злак,False,0
2024,425,2746.00,68.4,19.3,21.9,28.1,9.5,18.3,2.5,51.0,5.0,302.0,2.06,8.47,0.64,127.0,,2.6,Смеси боб-злак,False,0
2024,565,537.00,63.2,11.2,22.5,30.8,6.5,8.5,3.3,38.0,19.0,,2.84,8.61,0.65,74.0,2,4.8,Смеси боб-злак,False,0
2024,541,0.00,72.1,11.1,15.8,29.8,7.8,11.9,2.0,39.0,6.0,182.0,2.12,8.45,0.64,73.0,2,5.6,Смеси боб-злак,False,0
2024,542,0.00,79.5,11.6,23.3,36.4,9.9,24.2,2.8,68.0,2.0,219.0,2.05,8.0,0.53,77.0,2,2.6,Смеси боб-злак,False,0
2024,575,500.00,73.8,13.9,20.9,28.4,7.4,17.9,2.6,55.0,4.0,129.0,2.12,8.58,0.67,92.0,1,4.7,Смеси боб-злак,False,0
2024,252,600.00,69.9,11.2,14.2,30.9,5.8,16.0,2.5,33.0,24.0,263.0,2.15,8.61,0.65,74.0,2,3.1,Смеси боб-злак,False,0
2024,253,743.00,73.8,14.1,19.7,30.2,6.8,20.2,3.1,42.0,5.0,331.0,2.24,8.59,0.65,93.0,1,3.0,Смеси боб-злак,False,0
2024,510,500.00,75.2,11.1,18.6,30.6,5.9,8.3,2.5,52.0,3.0,107.0,2.1,8.6,0.66,73.0,2,2.3,Смеси боб-злак,False,0
2024,304,3500.00,73.3,13.3,21.4,38.3,8.3,15.0,3.0,37.0,5.0,251.0,2.23,8.13,0.53,88.0,2,1.7,Смеси боб-злак,False,0
2024,265,2000.00,71.9,11.3,23.1,30.7,7.3,22.4,2.4,36.0,34.0,204.0,2.04,8.46,0.64,75.0,2,2.4,Смеси боб-злак,False,0
2024,81,500.00,70.3,13.2,24.6,22.9,12.4,26.4,2.6,11.0,9.0,282.0,2.01,8.27,0.68,87.0,1,1.8,Смеси боб-злак,False,0
2024,93,0.00,74.0,11.8,15.1,35.4,7.5,15.0,2.7,50.0,12.0,251.0,2.09,8.28,0.57,78.0,,1.4,Смеси боб-злак,False,0
2024,94,0.00,71.1,13.5,11.4,28.5,6.7,14.6,2.0,38.0,9.0,269.0,2.13,8.64,0.67,89.0,1,2.0,Смеси боб-злак,False,0
2024,95,0.00,71.4,13.1,15.1,28.85,7.5,11.6,2.9,49.0,11.0,288.0,2.15,8.55,0.66,86.0,1,1.9,Смеси боб-злак,False,0
2025,193,1000.00,72.4,16.1,31.5,21.6,10.3,14.2,3.2,34.0,8.0,186.0,2.86,8.65,0.73,106.0,1,2.4,Смеси боб-злак,False,0
2025,456,500.00,76.1,13.5,27.4,32.3,9.7,17.4,3.5,63.0,2.0,213.0,2.0,8.19,0.59,89.0,,1.5,Смеси боб-злак,False,0
2025,457,500.00,69.8,11.4,21.7,30.1,8.9,14.7,2.6,53.0,13.0,191.0,2.5,8.37,0.63,75.0,2,1.4,Смеси боб-злак,False,0
2025,542,500.00,75.6,12.8,29.8,27.6,9.5,13.9,3.2,61.0,9.0,263.0,2.0,8.37,0.65,84.0,1,3.1,Смеси боб-злак,False,0
2025,543,500.00,72.5,11.1,24.2,27.9,8.1,12.1,2.6,58.0,9.0,195.0,1.9,8.46,0.66,73.0,1,2.7,Смеси боб-злак,False,0
2025,329,1000.00,66.1,12.8,21.2,27.0,7.9,20.8,2.0,30.0,32.0,263.0,2.54,8.61,0.68,84.0,1,2.7,Смеси боб-злак,False,0
2025,301,800.00,75.0,11.2,18.0,30.7,5.9,7.3,2.4,60.0,12.0,275.0,3.1,8.7,0.66,74.0,2,1.9,Смеси боб-злак,False,0
2025,302,630.00,74.6,11.0,14.1,30.3,5.0,8.0,2.2,55.0,24.0,209.0,2.9,8.78,0.68,73.0,2,2.3,Смеси боб-злак,False,0
2025,254,500.00,73.3,11.8,15.0,30.6,7.6,12.3,2.6,45.0,4.0,309.0,3.0,8.54,0.64,78.0,2,5.1,Смеси боб-злак,False,0
2025,555,1825.00,75.5,13.6,24.4,36.3,8.9,18.8,2.8,57.0,4.0,240.0,2.8,8.21,0.55,90.0,,1.8,Смеси боб-злак,False,0
2025,353,2600.00,75.8,12.3,25.0,30.2,7.8,9.7,2.5,11.0,7.0,288.0,2.5,8.49,0.64,81.0,1,1.8,Смеси боб-злак,False,0
2025,299,500.00,64.6,11.1,14.5,28.8,8.1,7.6,3.4,45.0,9.0,223.0,2.17,8.46,0.66,73.0,2,2.6,Смеси боб-злак,False,0
2025,300,500.00,75.9,14.6,15.2,24.8,8.4,18.0,2.4,50.0,4.0,316.0,2.94,8.71,0.71,96.0,1,3.8,Смеси боб-злак,False,0
2025,478,500.00,71.6,11.1,12.9,29.3,6.2,9.3,2.0,46.0,75.0,170.0,2.86,8.7,0.68,73.0,2,3.6,Смеси боб-злак,False,0
2025,177,0.00,66.0,11.1,23.1,30.8,7.6,11.0,2.7,44.0,26.0,162.0,2.63,8.48,0.64,73.0,2,1.4,Смеси боб-злак,False,0
2025,178,0.00,74.4,14.4,26.4,30.9,9.0,16.3,3.2,63.0,8.0,141.0,2.69,8.4,0.62,95.0,1,1.1,Смеси боб-злак,False,0
2025,179,0.00,69.6,8.4,19.8,33.7,6.8,4.4,3.3,46.0,31.0,148.0,3.01,8.45,0.62,56.0,3,3.7,Смеси боб-злак,False,0
2025,347,2000.00,70.1,7.6,10.5,23.3,4.2,2.7,1.8,37.0,7.0,275.0,2.65,10.36,0.93,42.0,1,17.2,Кукурузный с зерном,False,1
2025,158,1726.00,64.8,9.0,13.8,18.7,5.4,4.2,3.2,26.0,6.0,166.0,3.13,10.38,0.97,50.0,1,25.0,Кукурузный с зерном,False,1
2025,263,0.00,79.3,5.4,1.3,33.1,2.2,2.1,0.9,58.0,6.0,257.0,2.2,10.33,0.85,30.0,3,16.3,Кукурузный с зерном,False,1
2025,56,580.00,69.1,12.1,13.5,24.0,6.1,7.4,3.3,32.0,3.0,93.0,2.2,10.01,0.88,66.0,1,24.0,Кукурузный с зерном,False,1
2025,107,0.00,66.6,7.8,,17.9,4.8,,,,54.0,,3.3,10.5,0.99,43.0,1,13.2,Кукурузный с зерном,False,1
2025,368,500.00,71.7,11.1,,24.3,6.0,,,,7.0,,2.8,10.11,0.89,61.0,1,14.5,Кукурузный с зерном,False,1
2025,386,500.00,64.4,11.6,12.3,19.1,5.1,7.4,1.7,31.0,8.0,170.0,2.3,10.25,0.98,64.0,1,20.9,Кукурузный с зерном,False,1
2025,327,2000.00,73.0,7.7,8.5,22.8,6.5,4.7,1.2,37.0,6.0,214.0,3.37,10.22,0.92,42.0,1,23.4,Кукурузный с зерном,False,1
2025,243,0.00,72.4,8.3,11.5,20.1,4.1,1.9,2.2,47.0,8.0,102.0,2.1,10.36,0.96,45.0,1,25.6,Кукурузный с зерном,False,1
2025,396,2000.00,60.7,7.6,,19.8,3.4,,,,5.0,105.0,2.65,10.56,0.98,42.0,1,24.1,Кукурузный с зерном,False,1
2025,345,3000.00,0.0,,8.0,,,10.5,2.3,,,,,11.1,1.24,,2,,Кукурузный с зерном,False,1
2024,376,2000.00,70.6,7.5,,18.2,3.8,,,,4.0,,3.26,10.61,1.0,41.0,1,19.1,Кукурузный с зерном,False,1
2024,478,1060.00,72.4,8.8,9.3,23.1,4.8,4.1,2.6,33.0,5.0,275.0,3.232,10.36,0.93,48.0,1,21.9,Кукурузный с зерном,False,1
2024,564,1190.00,69.8,9.8,17.5,24.0,5.8,4.4,3.9,30.0,6.0,,3.15,10.21,0.9,54.0,1,20.8,Кукурузный с зерном,False,1
2024,687,1190.00,73.0,9.6,15.7,22.7,5.6,5.1,3.0,52.0,5.0,269.0,3.69,10.34,0.93,53.0,1,21.1,Кукурузный с зерном,False,1
2024,205,500.00,60.1,9.9,,17.9,5.5,,,20.0,17.0,,3.64,10.44,0.98,54.0,1,22.8,Кукурузный с зерном,False,1
2024,420,500.00,69.1,8.2,,24.7,5.7,,,,5.0,,3.61,10.29,0.91,45.0,1,24.7,Кукурузный с зерном,False,1
2024,569,0.00,65.1,8.8,,17.1,4.6,,,,7.0,,3.35,10.54,1.0,48.0,1,19.9,Кукурузный с зерном,False,1
2024,59,500.00,58.0,8.2,,17.7,4.1,,,,6.0,,3.15,10.56,1.0,45.0,1,22.2,Кукурузный с зерном,False,1
2024,292,3100.00,74.4,7.6,10.4,23.1,5.2,6.2,2.4,66.0,28.0,138.0,2.88,10.29,0.93,42.0,2,17.7,Кукурузный с зерном,False,1
2024,75,0.00,74.2,9.4,9.2,23.5,6.4,4.5,2.0,53.0,8.0,331.0,1.89,9.98,0.89,52.0,1,13.1,Кукурузный с зерном,False,1
2024,415,4500.00,65.8,9.3,20.0,23.2,7.2,9.7,3.9,23.0,12.0,204.0,3.55,10.13,0.9,51.0,1,10.2,Кукурузный с зерном,False,0
2024,315,500.00,71.6,8.1,12.7,23.0,3.8,0.6,1.9,42.0,10.0,251.0,3.2,10.48,0.95,44.0,1,21.6,Кукурузный с зерном,False,1
2024,467,3500.00,69.5,7.9,10.4,17.7,4.3,2.5,2.4,39.0,6.0,209.0,3.16,10.54,1.0,44.0,1,27.5,Кукурузный с зерном,False,1
2024,526,500.00,69.0,10.3,10.4,17.6,4.1,3.3,3.0,45.0,6.0,178.0,2.1,10.39,0.98,56.0,1,23.4,Кукурузный с зерном,False,1
2024,256,1300/00,72.6,7.6,9.4,25.9,4.4,4.9,2.9,29.0,12.0,200.0,3.21,10.36,0.91,42.0,1,26.8,Кукурузный с зерном,False,1
2024,387,600.00,74.4,7.6,12.0,24.1,4.4,4.5,2.5,36.0,7.0,200.0,3.1,10.38,0.93,42.0,1,16.4,Кукурузный с зерном,False,1
2024,388,630.00,74.6,7.6,10.8,25.8,4.4,3.7,2.5,43.0,10.0,181.0,3.2,10.36,0.91,42.0,2,13.6,Кукурузный с зерном,False,1
2024,666,0.00,63.5,9.1,,18.3,4.4,,,,6.0,,3.54,10.55,0.99,50.0,1,19.4,Кукурузный с зерном,False,1
2024,319,500.00,62.9,7.6,9.2,18.0,4.1,9.0,1.9,27.0,6.0,162.0,3.61,10.63,1.01,42.0,1,28.6,Кукурузный с зерном,False,1
2024,409,3342.00,61.3,8.3,8.2,21.2,4.1,4.9,1.8,21.0,34.0,170.0,3.05,10.47,0.96,46.0,1,20.4,Кукурузный с зерном,False,1
2024,273,1200.00,74.4,10.1,17.0,23.5,6.8,10.8,2.4,57.0,9.0,93.0,2.2,9.97,0.88,56.0,1,11.0,Кукурузный с зерном,False,0
2024,271,2000.00,72.6,7.9,14.0,22.3,5.1,4.0,2.3,47.0,6.0,85.0,2.6,10.27,0.93,43.0,1,19.8,Кукурузный с зерном,False,1
2024,370,500.00,63.9,7.6,8.0,22.4,4.5,3.3,2.1,28.0,5.0,110.0,2.1,10.27,0.93,42.0,1,18.5,Кукурузный с зерном,False,1
2024,371,500.00,66.4,7.5,8.9,20.2,4.1,3.2,2.4,33.0,5.0,118.0,2.2,10.38,0.96,41.0,1,20.5,Кукурузный с зерном,False,1
2024,372,500.00,70.9,7.6,10.7,21.5,4.3,3.5,2.3,41.0,3.0,112.0,2.2,10.33,0.95,42.0,1,19.1,Кукурузный с зерном,False,1
2024,373,500.00,65.6,7.7,8.7,21.1,4.8,3.8,2.7,35.0,4.0,115.0,2.1,10.27,0.94,42.0,1,25.6,Кукурузный с зерном,False,1
2024,308,500.00,71.2,9.9,,26.5,6.6,,,,9.0,,3.5,10.11,0.87,54.0,1,15.5,Кукурузный с зерном,False,1
2024,82,500.00,76.7,7.6,11.7,23.3,6.0,8.1,2.3,43.0,13.0,251.0,3.21,10.24,0.92,42.0,2,25.0,Кукурузный с зерном,False,1
2024,527,0.00,69.8,9.2,7.1,19.8,4.7,1.3,2.6,36.0,7.0,195.0,3.36,10.46,0.97,51.0,1,20.9,Кукурузный с зерном,False,1
2024,276,500.00,66.3,7.6,13.6,23.4,5.8,4.0,2.3,30.0,5.0,191.0,3.38,10.28,0.92,42.0,1,25.9,Кукурузный с зерном,False,1
2024,547,500.00,62.5,7.6,9.1,21.4,4.8,2.8,2.5,29.0,8.0,141.0,2.2,10.28,0.94,42.0,1,28.0,Кукурузный с зерном,False,1
2024,381,630.00,55.6,10.6,17.3,23.5,7.7,9.7,3.0,18.0,6.0,112.0,2.8,9.95,0.88,58.0,1,12.2,Кукурузный с зерном,False,1
2024,383,1624.70,61.1,9.0,11.8,21.1,4.5,4.7,2.2,18.0,10.0,93.0,3.2,10.43,0.96,50.0,1,22.8,Кукурузный с зерном,False,1
2024,492,0.00,66.9,9.0,11.9,19.7,4.1,2.4,2.5,42.0,5.0,162.0,2.2,10.37,0.96,50.0,1,21.7,Кукурузный с зерном,False,1
2024,611,0.00,68.3,7.5,7.2,21.0,3.7,2.4,2.1,32.0,5.0,118.0,2.1,10.4,0.96,41.0,1,28.6,Кукурузный с зерном,False,1
2023,356,500.00,64.0,7.7,11.2,20.8,4.0,2.7,2.5,39.0,14.0,251.0,2.95,10.48,0.97,42.0,1,15.3,Кукурузный с зерном,False,1
2023,404,0.00,63.2,7.4,9.5,21.6,3.8,2.2,2.4,27.0,5.0,229.0,2.86,10.48,0.96,41.0,,19.7,Кукурузный с зерном,False,1
2023,363,200.00,74.8,8.5,,23.5,4.0,,,,6.0,,3.25,10.45,0.94,47.0,1,15.1,Кукурузный с зерном,False,1
2023,122,3100.00,62.55,7.9,7.2,19.2,5.9,1.9,2.0,27.0,6.0,302.0,3.15,10.33,0.96,43.0,1,19.5,Кукурузный с зерном,False,1
2023,527,10000.00,70.6,8.0,10.1,23.4,4.5,2.5,2.3,37.0,6.0,178.0,3.16,10.9,0.93,44.0,1,22.4,Кукурузный с зерном,False,1
2023,614,3000.00,71.6,7.6,10.2,24.7,5.0,2.6,2.2,35.0,4.0,209.0,2.1,10.17,0.9,42.0,1,24.6,Кукурузный с зерном,False,1
2023,253,734.00,69.62,9.9,14.1,23.2,6.3,4.1,3.0,33.0,5.0,214.0,3.16,10.17,0.91,55.0,1,9.5,Кукурузный с зерном,False,1
2023,366,0.00,62.8,7.6,12.2,24.5,5.2,2.8,2.8,27.0,5.0,234.0,2.89,10.26,0.91,42.0,1,17.5,Кукурузный с зерном,False,1
2023,367,0.00,73.7,7.8,11.5,22.4,4.3,2.7,2.3,38.0,6.0,229.0,2.75,10.38,0.94,43.0,1,18.0,Кукурузный с зерном,False,1
2023,634,2277.00,61.1,8.1,12.2,19.7,4.9,3.0,2.6,31.0,4.0,251.0,3.1,10.42,0.97,44.0,1,25.6,Кукурузный с зерном,False,1
2023,745,540.00,69.8,7.6,13.9,25.4,6.1,2.1,2.5,36.0,4.0,81.0,2.89,10.14,0.89,42.0,1,28.7,Кукурузный с зерном,False,1
2023,682,2030.00,70.9,9.6,,18.1,4.4,,,,6.0,,3.64,10.57,0.99,53.0,1,21.3,Кукурузный с зерном,False,1
2023,306,2400.00,73.5,6.0,10.9,24.3,5.6,3.8,2.4,45.0,4.0,251.0,3.12,10.27,0.92,33.0,2,11.7,Кукурузный с зерном,False,1
2023,415,2624.00,66.4,8.2,10.8,21.4,4.4,2.9,2.5,29.0,4.0,224.0,3.55,10.5,0.96,45.0,1,16.2,Кукурузный с зерном,False,1
2023,702,1650.00,62.3,7.6,11.3,19.3,5.2,2.7,2.5,9.0,5.0,213.0,2.9,10.38,0.97,42.0,1,26.6,Кукурузный с зерном,False,1
2023,34,1200.00,64.73,7.5,13.2,19.62,5.0,1.5,2.2,,,,3.01,10.41,0.97,41.0,1,19.4,Кукурузный с зерном,False,1
2023,361,2500.00,63.0,7.6,,17.0,5.0,,,32.0,11.0,,3.06,10.47,1.0,42.0,1,20.6,Кукурузный с зерном,False,1
2023,412,3856.00,72.8,7.6,10.5,21.2,4.7,2.4,2.2,40.0,5.0,256.0,2.63,10.35,0.95,42.0,1,14.7,Кукурузный с зерном,False,1
2023,356,8101.00,74.5,9.4,12.1,23.9,4.0,6.9,1.9,53.0,10.0,246.0,2.55,10.33,0.92,52.0,1,7.7,Кукурузный с зерном,False,1
2023,421,800.00,74.9,8.6,10.9,19.5,7.2,2.2,3.0,50.0,8.0,224.0,3.11,10.16,0.94,47.0,1,14.2,Кукурузный с зерном,False,1
2023,434,500.00,62.2,7.6,11.2,22.6,4.5,3.0,2.2,26.0,7.0,229.0,3.63,10.48,0.95,42.0,1,21.7,Кукурузный с зерном,False,1
2023,435,500.00,75.0,7.6,11.5,25.4,7.7,2.5,3.1,45.0,5.0,204.0,3.15,10.0,0.87,42.0,2,16.6,Кукурузный с зерном,False,1
2023,397,500.00,67.3,7.6,11.4,25.8,4.7,3.4,2.9,31.0,6.0,224.0,3.05,10.31,0.9,42.0,1,14.3,Кукурузный с зерном,False,1
2023,316,500.00,70.6,7.5,11.9,19.4,6.0,4.9,2.4,40.0,7.0,251.0,3.37,10.35,0.96,41.0,1,10.8,Кукурузный с зерном,False,1
2023,333,500.00,76.6,7.7,11.2,29.8,5.2,6.6,2.4,51.0,5.0,234.0,2.24,10.05,0.84,42.0,2,9.6,Кукурузный с зерном,False,1
2023,382,500.00,63.9,7.7,12.2,24.0,5.5,6.5,1.4,28.0,9.0,246.0,3.25,10.28,0.92,42.0,1,17.3,Кукурузный с зерном,False,1
2023,581,500.00,62.6,7.6,13.1,24.3,4.8,2.9,2.3,21.0,14.0,213.0,1.1,10.06,0.89,42.0,1,24.6,Кукурузный с зерном,False,1
2023,593,500.00,69.9,7.6,11.0,24.3,5.3,3.2,2.9,33.0,4.0,269.0,3.02,10.27,0.91,42.0,1,28.1,Кукурузный с зерном,False,1
2023,508,1000.00,73.1,7.6,12.5,25.3,5.9,6.2,2.2,37.0,5.0,224.0,2.15,10.06,0.88,42.0,1,23.8,Кукурузный с зерном,False,1
2023,307,2215.00,73.5,7.6,11.2,20.9,4.2,3.0,2.2,42.0,3.0,200.0,3.55,10.54,0.97,42.0,1,19.2,Кукурузный с зерном,False,1
2023,21,0.00,70.29,5.9,,24.9,3.3,,,,3.0,,2.57,10.44,0.93,32.0,2,13.3,Кукурузный с зерном,False,1
2023,309,500.00,68.6,7.6,12.3,22.3,5.1,5.3,2.7,41.0,11.0,224.0,3.25,10.37,0.94,42.0,1,18.8,Кукурузный с зерном,False,1
2023,424,500.00,69.5,7.6,10.5,22.4,5.6,2.1,3.0,30.0,5.0,257.0,3.55,10.35,0.94,42.0,1,21.4,Кукурузный с зерном,False,1
2023,534,500.00,72.0,8.4,12.2,21.3,5.4,2.7,2.9,39.0,5.0,240.0,2.8,10.28,0.94,46.0,1,25.9,Кукурузный с зерном,False,1
2023,85,500.00,69.8,7.6,,19.5,4.4,,,,6.0,,3.12,10.49,0.98,42.0,1,11.5,Кукурузный с зерном,False,1
2023,342,1000.00,63.4,7.8,12.1,19.0,4.1,3.8,2.0,27.0,5.0,214.0,2.51,10.45,0.98,43.0,1,14.2,Кукурузный с зерном,False,1
2023,343,1983.00,74.9,7.5,11.9,20.3,4.0,5.5,1.9,52.0,5.0,251.0,2.14,10.38,0.96,41.0,2,16.2,Кукурузный с зерном,False,1
2023,370,0.00,74.5,8.8,11.9,23.9,5.8,5.5,2.8,43.0,10.0,246.0,2.96,10.2,0.91,48.0,1,15.1,Кукурузный с зерном,False,1
2023,419,6000.00,76.0,8.1,12.1,25.3,4.9,2.6,2.3,63.0,8.0,257.0,2.69,10.24,0.9,44.0,1,11.7,Кукурузный с зерном,False,1
2023,315,1800.00,74.9,7.8,12.4,20.5,4.8,3.7,2.8,49.0,10.0,269.0,3.3,10.45,0.96,43.0,2,15.3,Кукурузный с зерном,False,1
2023,336,1397.00,73.5,8.4,11.9,23.5,4.7,9.8,2.1,49.0,8.0,275.0,3.02,10.34,0.93,46.0,1,12.3,Кукурузный с зерном,False,1
2023,578,750.00,74.6,9.4,11.6,20.4,4.8,3.2,2.5,35.0,7.0,214.0,1.9,10.23,0.94,52.0,1,24.6,Кукурузный с зерном,False,1
2023,721,5000.00,0.0,,9.5,,,1.7,2.1,,,,,11.1,1.24,,2,,Кукурузный с зерном,False,1
2023,321,3000.00,22.2,8.1,10.1,20.7,3.8,6.1,1.3,15.0,7.0,219.0,2.54,10.44,0.96,44.0,1,13.6,Кукурузный с зерном,False,1
2023,515,500.00,67.8,7.6,8.4,20.4,4.4,3.9,1.7,37.0,5.0,214.0,3.54,10.53,0.97,42.0,1,21.1,Кукурузный с зерном,False,1
2023,406,1675.00,73.3,7.8,11.0,21.4,4.6,2.9,2.2,45.0,5.0,214.0,2.98,10.4,0.95,43.0,1,16.7,Кукурузный с зерном,False,1
2023,407,1060.00,78.3,7.6,11.2,21.7,3.1,2.4,0.8,51.0,6.0,251.0,3.02,10.57,0.97,42.0,2,16.2,Кукурузный с зерном,False,1
2022,778,0.00,66.51,7.8,12.1,21.9,4.1,1.8,2.4,,3.0,,2.85,10.43,0.95,43.0,1,20.7,Кукурузный с зерном,False,1
2022,520,6000.00,67.39,7.8,,19.47,5.0,5.7,1.9,,4.0,,2.25,10.3,0.96,43.0,1,19.3,Кукурузный с зерном,False,1
2022,521,800.00,61.1,7.9,,20.94,3.8,5.0,1.3,,5.0,,2.56,10.44,0.96,44.0,1,25.3,Кукурузный с зерном,False,1
2022,693,0.00,60.48,8.8,5.4,16.83,3.8,3.8,2.2,25.0,6.0,288.0,3.13,10.6,1.01,48.0,1,21.7,Кукурузный с зерном,False,1
2022,695,0.00,48.07,7.8,3.4,11.82,2.3,1.9,2.3,12.0,3.0,123.0,3.04,10.88,1.1,43.0,1,31.8,Кукурузный с зерном,False,1
2022,535,10000.00,77.6,7.7,12.1,22.05,4.7,3.1,1.9,58.0,17.0,257.0,3.3,10.42,0.95,42.0,2,18.0,Кукурузный с зерном,False,1
2022,145,1874.00,68.26,6.8,12.1,20.39,4.9,2.5,3.4,25.0,10.0,371.0,2.68,10.37,0.96,37.0,2,14.3,Кукурузный с зерном,False,1
2022,280,700.00,67.88,6.8,,20.34,5.41,,,,6.0,,2.12,10.23,0.95,37.0,2,15.4,Кукурузный с зерном,False,1
2022,775,2108.00,66.93,8.7,12.1,23.0,4.2,2.2,2.3,33.0,6.0,275.0,2.98,10.4,0.94,48.0,1,15.7,Кукурузный с зерном,False,1
2022,94,500.00,75.56,6.4,,24.37,3.7,3.1,2.6,,5.0,,2.64,10.41,0.93,35.0,2,20.4,Кукурузный с зерном,False,1
2022,338,2280.00,72.15,6.9,7.9,21.81,4.2,5.5,1.5,50.0,5.0,380.0,2.35,10.37,0.95,38.0,2,34.0,Кукурузный с зерном,False,1
2022,424,1000.00,70.33,6.4,12.6,23.89,4.4,4.9,2.5,44.0,4.0,295.0,2.51,10.32,0.93,35.0,2,13.1,Кукурузный с зерном,False,1
2022,742,3500.00,67.62,8.5,,19.0,4.8,,,,22.0,,3.46,10.49,0.98,47.0,1,18.7,Кукурузный с зерном,False,1
2022,458,1000.00,74.12,7.6,,21.17,4.6,,,,9.0,,3.38,10.47,0.96,42.0,2,13.6,Кукурузный с зерном,False,1
2022,551,1000.00,67.0,7.8,,20.79,4.1,,,,7.0,,3.35,10.53,0.97,43.0,1,15.5,Кукурузный с зерном,False,1
2022,617,500.00,66.81,8.3,,19.32,5.0,,,,5.0,,2.55,10.34,,45.0,1,20.8,Кукурузный с зерном,False,1
2022,679,500.00,67.86,11.5,,16.34,4.8,,,,10.0,,2.74,10.41,0.99,63.0,1,20.5,Кукурузный с зерном,False,1
2022,722,0.00,73.6,7.6,,21.22,4.4,,,38.0,4.0,,3.41,10.49,0.96,42.0,1,14.3,Кукурузный с зерном,False,1
2022,759,1000.00,73.17,8.4,,21.3,6.2,,,,4.0,,3.22,10.25,0.93,46.0,1,16.6,Кукурузный с зерном,False,1
2022,785,0.00,72.65,6.6,,20.23,4.3,,,,5.0,,3.15,10.5,0.98,36.0,2,14.2,Кукурузный с зерном,False,1
2022,509,1000.00,69.62,8.2,12.1,22.43,5.0,5.4,1.5,43.0,5.0,228.0,2.89,10.32,0.93,45.0,1,17.3,Кукурузный с зерном,False,1
2022,525,8080.00,69.99,8.4,12.4,20.55,4.8,3.2,2.9,37.0,16.0,269.0,3.25,10.43,0.96,46.0,1,19.9,Кукурузный с зерном,False,1
2022,773,0.00,68.38,7.8,,21.2,4.9,,,,5.0,,2.94,10.37,0.95,43.0,1,16.8,Кукурузный с зерном,False,1
2022,774,0.00,70.78,7.5,,25.5,5.8,,,,9.0,,3.05,10.19,0.89,41.0,1,15.5,Кукурузный с зерном,False,1
2022,732,1200.00,72.4,8.0,11.0,16.1,4.4,7.0,3.1,29.0,5.0,316.0,3.12,10.56,1.02,44.0,1,17.3,Кукурузный с зерном,False,1
2022,734,1200.00,73.4,7.8,12.2,10.9,4.8,6.6,3.0,34.0,5.0,275.0,3.05,10.49,1.0,43.0,1,16.6,Кукурузный с зерном,False,1
2022,737,500.00,66.34,6.6,10.7,16.5,4.1,4.6,3.0,27.0,6.0,339.0,3.25,10.63,1.02,36.0,2,22.4,Кукурузный с зерном,False,1
2022,396,130.00,82.64,7.1,12.4,27.94,6.3,4.8,2.9,75.0,10.0,389.0,3.55,10.16,0.87,39.0,3,10.9,Кукурузный с зерном,False,1
2022,547,3800.00,79.21,10.3,12.1,22.1,6.9,6.6,2.8,58.0,8.0,309.0,3.58,10.18,0.91,57.0,1,16.1,Кукурузный с зерном,False,1
2022,414,2500.00,71.69,6.6,12.4,22.7,4.5,5.7,2.4,39.0,4.0,457.0,3.18,10.43,0.95,36.0,3,11.2,Кукурузный с зерном,False,1
2022,483,1500.00,76.14,8.3,12.5,22.17,3.9,5.1,2.5,50.0,9.0,309.0,3.12,10.48,0.95,45.0,1,16.2,Кукурузный с зерном,False,1
2022,698,0.00,75.83,9.6,12.3,22.44,4.3,4.7,2.3,40.0,5.0,269.0,2.12,10.27,0.93,53.0,1,14.7,Кукурузный с зерном,False,1
2022,501,1000.00,81.1,10.4,12.2,30.7,5.2,5.8,1.3,69.0,6.0,371.0,2.11,9.97,0.82,57.0,2,8.8,Кукурузный с зерном,False,0
2022,467,2385.00,69.22,8.4,11.9,22.18,4.5,5.74,1.9,42.0,9.0,309.0,3.25,10.43,0.95,46.0,1,15.2,Кукурузный с зерном,False,1
2022,406,1744.00,73.85,7.8,11.9,24.85,5.1,4.6,2.2,46.0,5.0,380.0,2.51,10.21,0.9,43.0,1,8.1,Кукурузный с зерном,False,1
2022,468,2000.00,73.45,7.0,12.2,22.34,4.4,5.9,2.0,45.0,7.0,389.0,3.11,10.43,0.95,39.0,2,15.8,Кукурузный с зерном,False,1
2022,556,500.00,56.93,8.1,11.9,24.07,4.8,4.7,2.2,26.0,6.0,347.0,2.89,10.3,0.92,44.0,1,18.4,Кукурузный с зерном,False,1
2022,403,1500.00,77.45,6.9,12.1,26.47,6.0,5.0,1.9,58.0,7.0,389.0,2.94,10.14,0.88,38.0,2,7.3,Кукурузный с зерном,False,1
2022,666,1000.00,71.81,7.1,11.2,22.96,5.5,2.5,2.4,28.0,8.0,295.0,2.85,10.26,0.92,39.0,3,14.5,Кукурузный с зерном,False,1
2022,669,986.00,71.29,8.7,11.7,26.58,5.7,4.9,2.4,31.0,13.0,269.0,2.56,10.09,0.87,48.0,1,14.7,Кукурузный с зерном,False,1
2022,714,200.00,54.59,6.8,11.6,16.7,2.7,2.5,2.1,,,,3.09,10.75,1.06,37.0,2,24.7,Кукурузный с зерном,False,1
2022,715,500.00,55.33,6.8,12.4,19.5,3.1,2.8,2.1,,,,3.04,10.64,1.0,37.0,2,18.3,Кукурузный с зерном,False,1
2022,528,6000.00,67.21,8.8,10.9,22.4,4.8,2.6,2.2,34.0,5.0,257.0,3.25,10.35,0.94,48.0,1,23.5,Кукурузный с зерном,False,1
2022,317,1800.00,69.34,6.6,,21.4,4.4,,,,11.0,,1.81,10.28,0.94,36.0,2,15.0,Кукурузный с зерном,False,1
2022,170,500.00,73.6,7.4,,20.46,4.4,,,,3.0,,2.76,10.42,0.96,41.0,2,16.8,Кукурузный с зерном,False,1
2022,517,1000.00,69.81,7.4,11.9,23.83,4.9,5.9,1.9,43.0,5.0,263.0,3.05,10.33,0.92,41.0,2,16.1,Кукурузный с зерном,False,1
2022,518,1000.00,67.24,7.2,13.1,22.28,7.6,5.8,1.8,37.0,5.0,288.0,3.12,10.08,0.91,40.0,2,20.3,Кукурузный с зерном,False,1
2022,519,1000.00,75.37,7.1,12.3,22.35,4.8,6.1,2.0,61.0,4.0,251.0,2.85,10.35,0.94,39.0,2,15.1,Кукурузный с зерном,False,1
2022,454,3441.00,74.08,8.3,12.1,10.04,4.5,5.9,2.1,42.0,9.0,324.0,2.98,10.44,0.97,45.0,1,10.3,Кукурузный с зерном,False,1
2022,427,4000.00,71.14,7.4,12.1,20.53,4.2,5.8,2.5,45.0,16.0,347.0,3.25,10.51,0.97,41.0,2,11.5,Кукурузный с зерном,False,1
2022,411,5800.00,70.9,8.1,11.9,24.17,5.6,7.2,1.7,38.0,22.0,371.0,2.94,10.22,0.91,45.0,1,8.7,Кукурузный с зерном,False,1
2022,495,1000.00,80.5,6.1,12.4,30.28,4.2,5.7,1.8,56.0,5.0,371.0,2.35,10.19,0.86,33.0,3,15.8,Кукурузный с зерном,False,1
2022,402,807.00,72.95,8.1,12.4,22.91,4.38,5.7,2.1,41.0,5.0,309.0,3.38,10.44,0.94,45.0,1,14.1,Кукурузный с зерном,False,1
2022,557,465.00,73.06,8.3,11.0,28.46,4.4,1.7,2.2,37.0,4.0,331.0,2.76,10.23,0.87,45.0,1,13.9,Кукурузный с зерном,False,1
2022,558,1015.00,74.53,8.2,11.5,28.61,4.3,1.9,1.5,35.0,7.0,316.0,2.81,10.24,0.87,45.0,1,14.1,Кукурузный с зерном,False,1
2022,588,0.00,56.36,7.2,10.1,19.42,4.2,2.5,1.4,,2.0,,3.11,10.52,0.98,40.0,2,19.1,Кукурузный с зерном,False,1
2022,590,0.00,66.12,9.3,15.4,20.53,5.5,3.3,2.1,,1.0,,3.05,10.31,0.95,51.0,1,10.8,Кукурузный с зерном,False,1
2022,426,0.00,75.32,8.5,,23.67,4.5,5.5,1.9,49.0,13.0,15.0,2.64,10.31,0.92,47.0,1,13.7,Кукурузный с зерном,False,1
2021,588,800.00,65.43,7.8,,21.02,4.1,,,,4.0,,3.09,10.48,0.96,43.0,1,20.1,Кукурузный с зерном,False,1
2021,436,3026.00,67.4,8.0,,22.98,4.2,3.7,2.5,,5.0,,4.35,10.6,0.96,44.0,1,14.5,Кукурузный с зерном,False,1
2021,594,500.00,69.07,6.6,,22.36,3.4,1.9,1.2,,5.0,,2.5,10.47,0.95,36.0,2,16.1,Кукурузный с зерном,False,1
2021,595,500.00,67.09,6.8,,23.35,3.9,1.9,1.5,,4.0,,2.55,10.39,0.94,37.0,2,21.1,Кукурузный с зерном,False,1
2021,596,500.00,69.64,6.3,,22.59,3.7,3.0,1.3,,3.0,,2.41,10.42,0.95,34.0,2,17.1,Кукурузный с зерном,False,1
2021,739,5500.00,68.54,6.1,,21.12,4.1,5.1,1.5,,5.0,,3.1,10.51,0.97,34.0,2,17.1,Кукурузный с зерном,False,1
2021,165,950.00,76.13,8.1,,25.92,5.1,,,,4.0,,2.85,10.22,0.89,44.0,1,7.2,Кукурузный с зерном,False,1
2021,377,0.00,76.13,8.1,12.4,27.08,4.5,5.1,1.5,46.0,4.0,468.0,2.98,10.28,0.89,45.0,1,8.2,Кукурузный с зерном,False,1
2021,378,0.00,70.16,8.5,13.8,21.04,4.5,6.4,1.9,27.0,5.0,398.0,3.24,10.45,0.96,47.0,1,17.4,Кукурузный с зерном,False,1
2021,724,300.00,64.72,8.8,8.6,21.41,3.6,2.2,2.3,23.0,4.0,363.0,2.28,10.4,0.95,48.0,1,23.4,Кукурузный с зерном,False,1
2021,872,1000.00,67.49,7.8,10.3,23.56,4.7,3.4,2.2,40.0,6.0,324.0,2.38,10.26,0.92,43.0,1,21.5,Кукурузный с зерном,False,1
2021,873,0.00,65.74,7.7,9.4,25.35,4.6,3.0,1.6,32.0,5.0,339.0,2.04,10.19,0.9,42.0,1,19.1,Кукурузный с зерном,False,1
2021,950,320.00,69.31,6.5,12.2,18.21,4.2,1.1,1.3,29.0,6.0,389.0,2.38,10.46,0.99,36.0,2,16.4,Кукурузный с зерном,False,1
2021,465,5500.00,71.84,10.9,11.9,23.31,4.5,4.9,2.2,39.0,9.0,380.0,2.38,10.24,0.91,60.0,1,12.4,Кукурузный с зерном,False,1
2021,468,1000.00,67.78,8.1,12.6,24.58,4.2,5.8,2.2,22.0,9.0,380.0,4.55,10.59,0.94,45.0,1,12.2,Кукурузный с зерном,False,1
2021,728,10000.00,67.34,7.7,9.3,21.15,4.3,1.9,2.5,24.0,3.0,417.0,2.89,10.43,0.96,42.0,1,16.3,Кукурузный с зерном,False,1
2021,611,500.00,96.54,7.4,10.1,22.91,4.9,4.2,3.6,23.0,21.0,407.0,2.31,10.25,0.92,41.0,2,13.9,Кукурузный с зерном,False,1
2021,427,0.00,70.4,8.1,11.9,24.1,4.1,3.7,1.8,34.0,4.0,447.0,2.89,10.38,0.93,44.0,1,12.4,Кукурузный с зерном,False,1
2021,501,1500.00,70.12,6.9,10.8,24.61,4.9,2.3,3.0,30.0,6.0,398.0,3.35,10.36,0.92,38.0,2,17.4,Кукурузный с зерном,False,1
2021,628,1003.00,68.21,7.3,11.0,22.26,5.7,4.8,2.9,25.0,4.0,417.0,3.05,10.28,0.93,40.0,2,19.5,Кукурузный с зерном,False,1
2021,63,1468.00,75.07,7.3,10.1,20.62,5.2,4.2,2.0,164.0,12.0,371.0,4.84,10.62,0.98,40.0,2,19.1,Кукурузный с зерном,False,1
2021,71,2868.00,70.69,6.7,11.7,27.21,4.8,2.2,3.2,20.0,11.0,339.0,3.02,10.27,0.89,37.0,2,15.6,Кукурузный с зерном,False,1
2021,72,705.00,75.46,5.8,9.6,27.36,5.0,2.1,2.4,29.0,10.0,355.0,4.35,10.44,0.91,32.0,2,11.6,Кукурузный с зерном,False,1
2021,801,1638.00,66.39,10.2,19.9,17.86,6.2,6.0,2.9,,10.0,,2.96,10.27,0.96,56.0,1,18.8,Кукурузный с зерном,False,1
2021,847,1638.00,64.73,10.9,23.6,24.01,6.6,6.7,3.0,34.0,19.0,398.0,2.62,10.03,0.88,60.0,1,12.3,Кукурузный с зерном,False,0
2021,944,705.00,74.51,4.8,13.2,30.82,5.1,5.7,4.8,35.0,5.0,347.0,2.07,10.05,0.84,26.0,3,9.1,Кукурузный с зерном,False,1
2021,945,1874.00,63.12,6.1,11.2,25.79,4.9,5.1,4.0,22.0,20.0,302.0,2.16,10.18,0.9,34.0,2,17.4,Кукурузный с зерном,False,1
2021,461,3600.00,77.24,11.9,12.2,25.31,4.2,4.9,2.3,40.0,7.0,398.0,3.69,10.74,0.91,66.0,1,16.1,Кукурузный с зерном,False,1
2021,386,0.00,70.35,11.6,,24.15,4.3,4.1,1.6,,4.0,,3.21,10.35,0.91,64.0,1,14.9,Кукурузный с зерном,False,1
2021,564,2000.00,67.76,8.7,,27.94,4.2,2.7,3.3,,11.0,,2.87,10.27,0.88,48.0,1,18.1,Кукурузный с зерном,False,1
2021,565,500.00,67.61,7.8,,25.87,3.6,3.0,2.4,,10.0,,2.71,10.38,0.91,43.0,1,17.0,Кукурузный с зерном,False,1
2021,625,2000.00,69.6,8.6,,21.65,4.0,4.0,3.4,,4.0,,3.3,10.5,0.96,47.0,1,16.1,Кукурузный с зерном,False,1
2021,653,2000.00,71.86,8.1,,22.58,3.8,3.8,2.9,,5.0,,3.05,10.47,0.95,44.0,1,17.1,Кукурузный с зерном,False,1
2021,783,3000.00,70.42,8.9,,21.61,4.1,4.1,2.5,,4.0,,2.85,10.42,0.95,49.0,1,18.2,Кукурузный с зерном,False,1
2021,481,1105.00,70.8,8.5,12.4,19.08,4.2,4.2,2.2,38.0,23.0,,3.25,10.53,0.98,47.0,1,14.9,Кукурузный с зерном,False,1
2021,508,1840.00,70.24,7.8,10.5,19.66,4.07,4.07,2.0,44.0,9.0,457.0,3.85,10.62,0.99,43.0,1,13.2,Кукурузный с зерном,False,1
2021,509,1760.00,68.02,9.0,9.8,15.88,4.55,4.55,2.4,34.0,9.0,389.0,3.91,10.65,1.02,50.0,1,13.8,Кукурузный с зерном,False,1
2021,551,1000.00,74.82,7.7,12.3,26.47,4.8,4.8,3.3,36.0,5.0,355.0,2.36,10.18,0.89,42.0,2,14.1,Кукурузный с зерном,False,1
2021,794,0.00,59.68,15.3,,22.01,4.4,,,,11.0,,2.95,10.3,0.92,84.0,1,16.1,Кукурузный с зерном,False,1
2021,83,0.00,77.99,8.2,,27.93,5.9,,,,9.0,,3.55,10.19,0.87,45.0,1,12.4,Кукурузный с зерном,False,1
2021,637,2500.00,69.92,7.1,,22.21,5.1,,,,9.0,,2.29,10.25,0.93,39.0,2,11.4,Кукурузный с зерном,False,1
2021,552,587.00,75.47,8.3,15.4,22.99,4.8,1.4,3.2,41.0,8.0,363.0,2.87,10.32,0.93,46.0,1,21.6,Кукурузный с зерном,False,1
2021,553,2316.00,73.18,10.1,15.1,23.07,4.9,3.4,3.9,48.0,9.0,398.0,2.45,10.23,0.91,55.0,1,18.8,Кукурузный с зерном,False,1
2021,535,1000.00,69.81,6.8,10.8,29.07,4.9,4.1,1.9,20.0,9.0,371.0,3.59,10.3,0.87,37.0,3,12.3,Кукурузный с зерном,False,1
2021,126,0.00,81.86,5.1,6.1,34.27,4.6,3.9,0.5,88.0,7.0,447.0,2.51,10.09,0.81,28.0,,8.5,Кукурузный с зерном,False,1
2021,439,8080.00,82.15,5.4,11.8,31.15,5.2,5.6,3.4,84.0,3.0,513.0,4.42,10.35,0.86,30.0,,10.0,Кукурузный с зерном,False,1
2021,789,700.00,7.84,10.0,15.0,22.91,4.9,3.1,3.9,56.0,4.0,380.0,2.85,10.29,0.92,55.0,2,17.5,Кукурузный с зерном,False,1
2021,434,1130.00,76.39,7.0,11.0,27.73,4.3,3.5,2.4,38.0,2.0,468.0,3.67,10.4,0.9,39.0,2,10.5,Кукурузный с зерном,False,1
2021,582,500.00,76.56,10.1,12.0,31.35,5.7,3.9,3.3,34.0,8.0,389.0,3.86,10.14,0.83,56.0,2,11.0,Кукурузный с зерном,False,1
2021,521,1500.00,74.92,6.9,,21.8,4.5,,,,5.0,,3.89,10.54,0.96,38.0,2,19.1,Кукурузный с зерном,False,1
2021,522,2120.00,68.15,5.4,,22.4,4.7,,,,9.0,,3.45,10.47,0.96,30.0,2,15.7,Кукурузный с зерном,False,1
2021,523,2000.00,59.72,6.1,,23.1,4.6,,,,8.0,,3.71,10.49,0.95,33.0,2,16.9,Кукурузный с зерном,False,1
2021,513,0.00,76.6,6.6,,26.29,4.15,,,,2.0,,3.67,10.46,0.92,36.0,2,13.4,Кукурузный с зерном,False,1
2021,618,1000.00,64.56,6.4,,25.33,4.4,,,,5.0,,3.13,10.38,0.92,35.0,2,12.1,Кукурузный с зерном,False,1
2021,761,1500.00,63.91,7.8,,22.49,4.06,,,,6.0,,3.05,10.45,0.95,43.0,1,15.9,Кукурузный с зерном,False,1
2021,520,3280.00,63.5,6.2,12.5,23.1,4.9,3.6,2.3,22.0,6.0,380.0,2.9,10.34,0.93,34.0,2,15.3,Кукурузный с зерном,False,1
2021,772,3500.00,73.13,6.3,11.2,23.3,7.1,2.4,3.2,45.0,20.0,468.0,1.95,9.96,0.89,34.0,2,15.9,Кукурузный с зерном,False,1
2021,542,197.00,68.08,6.8,12.6,23.72,4.1,5.9,1.9,19.0,9.0,398.0,4.1,10.58,0.95,37.0,2,13.9,Кукурузный с зерном,False,1
2021,452,0.00,79.88,9.4,12.0,21.51,6.3,5.9,2.3,65.0,10.0,490.0,4.35,10.38,0.94,52.0,1,9.9,Кукурузный с зерном,False,1
2021,602,2100.00,65.54,8.1,,21.59,,,,,,,,10.49,0.97,44.0,1,17.6,Кукурузный с зерном,False,1
2021,46,4000.00,76.44,10.2,15.8,26.92,6.5,6.5,4.3,,,,1.84,9.87,0.84,56.0,1,14.2,Кукурузный с зерном,False,0
2021,586,2650.00,75.52,7.9,12.5,26.41,4.8,3.9,3.4,37.0,5.0,417.0,2.36,10.18,0.89,44.0,2,14.1,Кукурузный с зерном,False,1
2021,712,674.00,63.38,8.9,11.5,23.39,4.7,4.8,2.6,38.0,11.0,339.0,3.28,10.37,0.93,49.0,1,10.6,Кукурузный с зерном,False,1
2021,640,2603.00,72.84,9.3,11.2,22.33,4.6,0.4,3.6,37.0,7.0,407.0,2.48,10.29,0.93,51.0,1,8.1,Кукурузный с зерном,False,1
2021,641,675.00,72.91,9.3,11.4,23.19,4.8,0.4,4.0,33.0,6.0,398.0,2.55,10.26,0.92,51.0,1,11.3,Кукурузный с зерном,False,1
2021,407,2000.00,65.63,6.4,13.3,22.07,4.4,6.1,2.2,17.0,2.0,355.0,3.89,10.55,0.96,35.0,2,13.1,Кукурузный с зерном,False,1
2021,411,1000.00,68.68,8.7,14.0,20.33,4.8,7.9,2.8,38.0,3.0,389.0,4.56,10.61,0.98,48.0,1,12.9,Кукурузный с зерном,False,1
2021,831,0.00,75.16,8.6,9.2,21.84,4.4,3.4,1.9,36.0,7.0,,2.52,10.34,0.94,47.0,1,13.8,Кукурузный с зерном,False,1
2021,832,0.00,71.46,6.9,7.0,23.79,4.5,3.0,2.2,32.0,10.0,,2.58,10.32,0.93,38.0,2,18.5,Кукурузный с зерном,False,1
2021,866,1000.00,63.44,7.1,,23.34,4.7,3.5,2.0,,6.0,,2.25,10.26,0.92,39.0,2,17.5,Кукурузный с зерном,False,1
2021,556,4500.00,71.44,8.6,12.0,28.97,4.1,3.9,2.5,39.0,11.0,437.0,2.55,10.22,0.87,47.0,1,11.6,Кукурузный с зерном,False,1
2021,529,4590.00,75.62,10.0,12.2,27.4,4.2,4.8,2.1,41.0,10.0,468.0,3.65,10.37,0.89,55.0,1,11.8,Кукурузный с зерном,False,1
2021,395,1300.00,75.8,6.9,11.1,23.76,4.3,6.4,2.4,37.0,5.0,437.0,3.55,10.48,0.94,38.0,2,12.7,Кукурузный с зерном,False,1
2021,539,2895.00,66.95,7.2,11.2,24.12,4.3,2.4,2.2,24.0,9.0,407.0,3.96,10.52,0.94,40.0,2,21.6,Кукурузный с зерном,False,1
2021,574,1250.00,68.43,10.9,16.4,28.52,6.2,5.1,3.7,19.0,6.0,371.0,3.12,10.04,0.84,60.0,1,12.9,Кукурузный с зерном,False,1
2021,592,0.00,67.17,8.3,13.2,26.96,3.6,4.5,2.8,37.0,9.0,339.0,1.68,10.2,0.88,45.0,1,10.3,Кукурузный с зерном,False,1
2021,802,1000.00,62.53,7.0,9.8,24.79,8.4,3.2,2.6,16.0,8.0,371.0,2.04,9.79,0.86,39.0,2,15.0,Кукурузный с зерном,False,1
2021,487,236.00,73.42,7.4,13.1,23.76,4.0,4.8,1.9,10.0,30.0,407.0,3.61,10.51,0.94,41.0,2,8.4,Кукурузный с зерном,False,1
2021,746,0.00,64.29,7.0,,21.49,4.2,4.8,2.4,31.0,9.0,,2.7,10.42,0.96,39.0,2,10.0,Кукурузный с зерном,False,1
